txn_id,sender_name,sender_account,sender_bank,receiver_name,receiver_account,receiver_bank,amount_inr,timestamp,txn_type,reference_no,remarks
A380DF1F,Vijay Patel,HDFC-XXXX-8992,AXIS,Shobha Iyer,BOI-XXXX-5451,ICICI,331584,2025-01-28T17:24:00,NEFT,REF246E007C,Rent
C7BD8B5F,Priya Tiwari,SBI-XXXX-2633,AXIS,Anil Kumar,SBI-XXXX-1222,SBI,74299,2025-02-15T20:05:00,RTGS,REF8CA6C4C4,Rent
D84312E9,Anil Menon,PNB-XXXX-3379,BOI,Priya Pandey,SBI-XXXX-7308,SBI,421386,2025-02-09T10:00:00,IMPS,REF38DDB37E,Personal
299D0B16,Sanjay Patel,SBI-XXXX-6891,AXIS,Lata Ghosh,SBI-XXXX-6582,HDFC,362753,2025-03-23T15:12:00,IMPS,REF05CBE8C8,
20E2773C,Sanjay Patel,HDFC-XXXX-3574,ICICI,Dinesh Das,PNB-XXXX-7830,ICICI,124917,2025-02-17T15:59:00,RTGS,REF3B164D50,Invoice
BB8DCAFB,Rekha Singh,HDFC-XXXX-1491,AXIS,Meena Nair,AXIS-XXXX-7114,ICICI,331061,2025-02-25T08:50:00,NEFT,REF950B2152,Invoice
ED5BD1CB,Sanjay Pandey,HDFC-XXXX-3064,BOI,Vijay Menon,AXIS-XXXX-8887,BOI,238111,2025-02-07T11:08:00,NEFT,REF5F98E3C5,Personal
22D2886A,Rajesh Singh,ICICI-XXXX-8763,HDFC,Rajesh Singh,BOI-XXXX-6545,BOI,232447,2025-02-03T18:46:00,NEFT,REF4AFEA6C6,Rent
C23D43D0,Shobha Roy,HDFC-XXXX-6639,HDFC,Lata Pandey,BOI-XXXX-6149,BOI,201273,2025-03-04T15:41:00,IMPS,REFC51AC085,
89812748,Meena Patel,AXIS-XXXX-4348,SBI,Meena Mishra,BOI-XXXX-8270,ICICI,75394,2025-02-19T13:41:00,NEFT,REF463D8C59,
158562C5,Mahesh Menon,ICICI-XXXX-9812,ICICI,Shobha Nair,SBI-XXXX-8730,HDFC,466818,2025-01-24T13:49:00,CASH,REFB2795834,EMI
A76906E0,Meena Nair,PNB-XXXX-2243,ICICI,Anita Nair,BOI-XXXX-9401,BOI,342460,2025-01-25T20:17:00,IMPS,REF4D608C5B,Personal
3EC28CD6,Dinesh Das,HDFC-XXXX-4174,BOI,Mahesh Joshi,BOI-XXXX-3875,SBI,313367,2025-01-31T19:04:00,IMPS,REF3A8E9AFF,Invoice
172BC888,Suresh Roy,HDFC-XXXX-3641,SBI,Dinesh Nair,SBI-XXXX-2386,SBI,270367,2025-02-22T13:34:00,IMPS,REF995EECE3,EMI
A95D34D9,Shobha Kumar,HDFC-XXXX-1324,ICICI,Mahesh Mishra,ICICI-XXXX-4137,SBI,432966,2025-04-03T18:19:00,CASH,REF2116B683,Rent
EAA3E157,Anil Singh,BOI-XXXX-7735,HDFC,Usha Roy,PNB-XXXX-1173,AXIS,206284,2025-03-15T20:27:00,IMPS,REFA42A7AA5,
8DB976C3,Vijay Mishra,HDFC-XXXX-6567,BOI,Meena Patel,HDFC-XXXX-1352,HDFC,446912,2025-02-17T09:01:00,CASH,REFEFA1B080,Rent
0031E0F0,Rajesh Singh,HDFC-XXXX-7498,AXIS,Vijay Mishra,BOI-XXXX-3826,AXIS,411768,2025-01-26T20:29:00,CASH,REF80C2CAE3,EMI
21811001,Vijay Joshi,HDFC-XXXX-1458,HDFC,Lata Nair,HDFC-XXXX-1197,ICICI,195925,2025-03-21T19:55:00,IMPS,REF559E8240,EMI
3227F097,Sanjay Kumar,SBI-XXXX-4437,ICICI,Rekha Roy,AXIS-XXXX-3580,AXIS,95397,2025-02-06T16:09:00,CASH,REF7AAE8EC4,Rent
1088C09E,Shobha Ghosh,HDFC-XXXX-5346,ICICI,Rekha Iyer,BOI-XXXX-7836,ICICI,167174,2025-02-08T08:37:00,IMPS,REFAF8004AD,Invoice
8C485914,Usha Das,HDFC-XXXX-8311,SBI,Shobha Joshi,BOI-XXXX-4946,HDFC,115960,2025-02-05T20:42:00,CASH,REF2BCD7C38,Personal
DF897439,Usha Roy,PNB-XXXX-2672,HDFC,Shobha Singh,PNB-XXXX-2805,HDFC,13696,2025-03-14T10:17:00,NEFT,REF9AA33FA9,EMI
C5FFE392,Dinesh Roy,HDFC-XXXX-9692,BOI,Rajesh Tiwari,BOI-XXXX-6941,BOI,125808,2025-03-23T10:23:00,IMPS,REFADCF3247,Personal
275FC25C,Anita Pandey,SBI-XXXX-7841,AXIS,Lata Nair,BOI-XXXX-8411,ICICI,414652,2025-03-04T15:53:00,CASH,REF046717C7,
ECD5E657,Anita Das,SBI-XXXX-3549,ICICI,Meena Das,AXIS-XXXX-7132,ICICI,196100,2025-03-10T10:34:00,RTGS,REFA2B7576D,Personal
A295FF0A,Shobha Iyer,SBI-XXXX-6477,ICICI,Meena Singh,AXIS-XXXX-4905,ICICI,441478,2025-01-21T13:33:00,IMPS,REF895242CC,Personal
2432F68E,Vijay Roy,ICICI-XXXX-5768,ICICI,Rajesh Ghosh,BOI-XXXX-3369,SBI,129459,2025-03-20T16:54:00,NEFT,REF82EB1A63,EMI
BB2D0064,Sanjay Mishra,AXIS-XXXX-9600,AXIS,Mahesh Nair,PNB-XXXX-8060,HDFC,97485,2025-03-03T10:45:00,IMPS,REFAE2BFCDC,Rent
4A315840,Dinesh Ghosh,PNB-XXXX-4319,SBI,Lata Patel,SBI-XXXX-4546,ICICI,98493,2025-02-17T17:06:00,IMPS,REFED3D08F2,
AC08D9EE,Sanjay Iyer,ICICI-XXXX-9803,SBI,Priya Tiwari,BOI-XXXX-9751,SBI,234911,2025-03-17T19:03:00,RTGS,REF9B970A6E,EMI
4358F829,Vikram S.,AXIS-XXXX-4001,AXIS,Meera Nambiar,AXIS-XXXX-4002,AXIS,1000000,2025-03-04T17:32:00,RTGS,AXISBF22973E,Business settlement
5C64F581,Rekha Das,BOI-XXXX-8606,HDFC,Rekha Mishra,ICICI-XXXX-9609,AXIS,380206,2025-03-19T15:17:00,IMPS,REF37BDFB3D,EMI
35BFA305,Usha Tiwari,HDFC-XXXX-3652,AXIS,Rekha Kumar,BOI-XXXX-8877,AXIS,454671,2025-02-28T11:40:00,IMPS,REF5C44CC7B,EMI
D94A6E40,Rekha Joshi,ICICI-XXXX-1385,BOI,Vijay Patel,ICICI-XXXX-6847,AXIS,14184,2025-03-13T13:19:00,CASH,REF97D6B669,Personal
44B87185,V. Sinha,AXIS-XXXX-4001,AXIS,Meera Nambiar,AXIS-XXXX-4002,AXIS,1000000,2025-02-08T12:40:00,RTGS,AXISBA1D6A63,Business settlement
ECD37E37,Meena Singh,BOI-XXXX-3400,HDFC,Suresh Das,SBI-XXXX-6297,SBI,474737,2025-01-21T10:32:00,NEFT,REFC1839331,EMI
91365E70,Sanjay Pandey,ICICI-XXXX-9964,SBI,Shobha Singh,AXIS-XXXX-6139,HDFC,494714,2025-02-21T10:04:00,RTGS,REFF297E006,
5FD0B1C7,Lata Das,SBI-XXXX-6955,ICICI,Anil Iyer,BOI-XXXX-3113,AXIS,197273,2025-03-21T17:20:00,RTGS,REF1B543E70,Personal
5FAED478,Sanjay Roy,BOI-XXXX-8184,SBI,Mahesh Das,BOI-XXXX-3045,SBI,36817,2025-01-19T14:20:00,CASH,REFDD3E1312,Personal
CAC7E5A8,Rekha Patel,BOI-XXXX-3102,ICICI,Priya Kumar,AXIS-XXXX-6810,ICICI,123222,2025-03-09T14:43:00,NEFT,REF9E6ACFA7,
318F2064,Vijay Singh,HDFC-XXXX-3246,BOI,Meena Nair,PNB-XXXX-4453,SBI,200239,2025-02-02T08:15:00,CASH,REF770BC78A,EMI
B1015780,Sanjay Roy,HDFC-XXXX-4268,ICICI,Suresh Iyer,BOI-XXXX-4268,ICICI,164905,2025-01-25T12:36:00,CASH,REF66A708F4,EMI
D37C718F,Vijay Joshi,ICICI-XXXX-1202,SBI,Vijay Roy,PNB-XXXX-6259,ICICI,449382,2025-02-06T15:29:00,NEFT,REF6FC39CF5,EMI
D34E1336,Mahesh Roy,SBI-XXXX-2817,AXIS,Lata Singh,SBI-XXXX-3323,ICICI,142360,2025-02-07T09:04:00,NEFT,REF5490536F,Invoice
5D9EA677,Mahesh Tiwari,AXIS-XXXX-2871,SBI,Shobha Pandey,SBI-XXXX-5428,ICICI,313407,2025-03-05T12:52:00,NEFT,REFAA7CA484,Personal
CA9FFAA5,Usha Sharma,AXIS-XXXX-2649,AXIS,Sanjay Kumar,AXIS-XXXX-2205,AXIS,333037,2025-01-24T11:43:00,NEFT,REF63ED5A86,EMI
08F5FA3B,Usha Mishra,BOI-XXXX-6201,ICICI,Suresh Roy,AXIS-XXXX-4962,BOI,210186,2025-02-08T17:41:00,NEFT,REFF1B50622,Personal
602E27AB,Mahesh Tiwari,BOI-XXXX-1599,HDFC,Meena Sharma,AXIS-XXXX-4840,AXIS,119606,2025-02-23T14:56:00,NEFT,REFC7677D51,
4DB6DC5D,Priya Iyer,PNB-XXXX-3098,AXIS,Usha Tiwari,AXIS-XXXX-7750,HDFC,20184,2025-02-21T12:32:00,IMPS,REFCAF64686,EMI
600EDF9A,Sanjay Iyer,PNB-XXXX-5726,SBI,Meena Pandey,PNB-XXXX-6427,ICICI,132008,2025-02-10T16:03:00,CASH,REF71C69BC5,Rent
B580EBC8,Mahesh Ghosh,AXIS-XXXX-6766,ICICI,Anita Ghosh,SBI-XXXX-6806,AXIS,116183,2025-02-03T14:32:00,NEFT,REF5D78D428,
3D66BFE6,Vijay Menon,ICICI-XXXX-2730,ICICI,Dinesh Ghosh,BOI-XXXX-7425,HDFC,455393,2025-03-07T15:48:00,NEFT,REF916A7F12,Invoice
1C07D9FC,Vijay Tiwari,SBI-XXXX-4805,ICICI,Shobha Menon,SBI-XXXX-9481,BOI,308996,2025-03-21T14:18:00,RTGS,REF87A258E4,EMI
4D38A41F,Usha Pandey,PNB-XXXX-1653,ICICI,Anil Mishra,BOI-XXXX-8209,AXIS,417836,2025-01-30T09:09:00,RTGS,REF6AEA6B32,
84201E2C,Dinesh Singh,PNB-XXXX-7422,ICICI,Usha Ghosh,HDFC-XXXX-6282,HDFC,53892,2025-01-26T08:27:00,NEFT,REF3F378A15,
60176EB7,Rajesh Sharma,PNB-XXXX-5051,SBI,Vijay Mishra,SBI-XXXX-7190,AXIS,73783,2025-02-18T09:04:00,NEFT,REFAAA08347,
FA3A3DA6,Priya Nair,ICICI-XXXX-1264,ICICI,Dinesh Mishra,SBI-XXXX-4845,ICICI,62233,2025-01-24T16:28:00,NEFT,REF0B86FC75,
CABFC586,Sanjay Joshi,PNB-XXXX-7328,AXIS,Anil Singh,ICICI-XXXX-5948,BOI,167915,2025-02-06T17:27:00,CASH,REF462F0F1D,Invoice
3D8E2F66,Anil Joshi,PNB-XXXX-1849,ICICI,Anil Pandey,AXIS-XXXX-5489,SBI,361606,2025-03-22T15:31:00,RTGS,REFF91F6AEB,
CC051AF1,Rekha Nair,ICICI-XXXX-6166,AXIS,Mahesh Das,SBI-XXXX-3554,BOI,311675,2025-02-05T17:22:00,IMPS,REFE4D9F224,EMI
5E5DFD9B,Anil Das,SBI-XXXX-5164,AXIS,Priya Patel,BOI-XXXX-4338,SBI,335075,2025-02-18T18:44:00,CASH,REF258D8977,Rent
558BB73E,Dinesh Kumar,PNB-XXXX-7605,AXIS,Usha Joshi,PNB-XXXX-2007,SBI,106156,2025-03-20T10:46:00,RTGS,REF75321426,Personal
0A820DC4,Priya Patel,HDFC-XXXX-8548,SBI,Suresh Menon,HDFC-XXXX-7771,AXIS,355347,2025-01-30T16:33:00,IMPS,REF70091D2D,
A891CF66,Rohit J.,SBI-XXXX-4004,SBI,Sigma Hold.,YES-XXXX-5002,YES,775156,2025-02-10T16:39:00,IMPS,YESF1D1CBFB,Service payment
3C5DBE7F,Rohit J.,SBI-XXXX-4004,SBI,Sigma Hold.,YES-XXXX-5002,YES,306879,2025-02-22T09:02:00,IMPS,YESFC255D0E,Service payment
0D08C5BE,Rajesh Das,SBI-XXXX-6877,AXIS,Mahesh Pandey,BOI-XXXX-4569,AXIS,35715,2025-03-30T09:17:00,IMPS,REFA201AA9C,
66A1157A,Priya Mishra,AXIS-XXXX-2873,ICICI,Shobha Kumar,BOI-XXXX-3551,AXIS,81291,2025-02-11T13:36:00,NEFT,REF8C62057D,
4C6F8864,Suresh Mishra,PNB-XXXX-5933,ICICI,Priya Das,PNB-XXXX-9518,BOI,307601,2025-02-18T20:57:00,IMPS,REF175C6279,Invoice
EA361FE9,Usha Patel,SBI-XXXX-6266,BOI,Lata Iyer,SBI-XXXX-5393,HDFC,400857,2025-03-27T20:31:00,IMPS,REF14474244,EMI
51E67777,Priya Roy,AXIS-XXXX-1753,AXIS,Priya Mishra,AXIS-XXXX-5093,ICICI,323088,2025-03-31T14:03:00,NEFT,REF29606E9D,Personal
C768B783,Priya Roy,AXIS-XXXX-3517,SBI,Sanjay Mishra,ICICI-XXXX-5458,SBI,205016,2025-02-16T09:40:00,NEFT,REF8F542979,EMI
3B93D613,Mahesh Mishra,SBI-XXXX-9057,HDFC,Anita Sharma,SBI-XXXX-5617,ICICI,44997,2025-04-03T13:07:00,RTGS,REFCDBD82F1,Personal
45DBF63F,Rekha Joshi,AXIS-XXXX-3639,HDFC,Vijay Kumar,HDFC-XXXX-1515,SBI,184731,2025-02-28T15:39:00,IMPS,REFEF4B461C,
4D902F32,Mahesh Tiwari,AXIS-XXXX-6206,ICICI,Meena Sharma,SBI-XXXX-9092,AXIS,29532,2025-02-19T14:07:00,NEFT,REFF3C4B6E5,EMI
72051E1E,Anil Iyer,HDFC-XXXX-7478,ICICI,Dinesh Kumar,PNB-XXXX-8259,ICICI,343646,2025-01-26T10:45:00,NEFT,REFD7E7DE8C,
7F8879FF,Usha Pandey,HDFC-XXXX-4373,SBI,Anita Das,SBI-XXXX-4481,SBI,356534,2025-02-11T15:52:00,NEFT,REF60AA5A5E,Rent
8CF5A07D,Priya Pandey,AXIS-XXXX-6581,SBI,Rekha Pandey,HDFC-XXXX-8025,AXIS,114882,2025-03-12T15:54:00,IMPS,REF6437A279,Personal
E13749B2,Sanjay Mishra,HDFC-XXXX-9218,BOI,Priya Roy,PNB-XXXX-9573,ICICI,239608,2025-01-31T13:18:00,RTGS,REF5EEC17B0,
784581EE,Suresh Ghosh,HDFC-XXXX-5924,BOI,Priya Ghosh,HDFC-XXXX-3286,HDFC,352816,2025-02-26T20:03:00,NEFT,REF8B361A29,Invoice
2F1BAEEA,Anita Iyer,ICICI-XXXX-4476,BOI,Meena Singh,BOI-XXXX-5555,BOI,468135,2025-01-24T17:57:00,CASH,REF71776899,EMI
0DB72CC6,Suresh Das,SBI-XXXX-9125,HDFC,Shobha Patel,HDFC-XXXX-4094,BOI,262172,2025-02-07T18:18:00,NEFT,REF9C11DC5E,Invoice
6E4106C5,Dinesh Patel,SBI-XXXX-4721,AXIS,Usha Singh,SBI-XXXX-5844,HDFC,462864,2025-02-28T12:28:00,NEFT,REF1DAC18EB,
94C4C5A8,Rajesh Menon,PNB-XXXX-4050,AXIS,Rekha Kumar,SBI-XXXX-8058,AXIS,108570,2025-01-25T16:32:00,IMPS,REF7E87F9BF,EMI
675D46DD,Lata Roy,SBI-XXXX-1741,SBI,Priya Menon,AXIS-XXXX-7699,AXIS,393338,2025-03-11T12:48:00,NEFT,REF9691F22D,Rent
5F40036C,Rajesh Kumar,SBI-XXXX-6269,HDFC,Vijay Das,ICICI-XXXX-2650,AXIS,101909,2025-02-16T15:23:00,RTGS,REF7189703A,Invoice
3B40B1E2,Suresh Pandey,PNB-XXXX-4450,HDFC,Priya Mishra,SBI-XXXX-3933,AXIS,386364,2025-03-06T12:52:00,CASH,REF74926ADE,Rent
647AE425,Meena Nair,AXIS-XXXX-2521,ICICI,Anil Joshi,HDFC-XXXX-7974,HDFC,154403,2025-02-23T14:43:00,NEFT,REF0097E32F,Personal
B99AC7C7,Meena Roy,BOI-XXXX-3644,SBI,Anita Tiwari,SBI-XXXX-7297,AXIS,375183,2025-03-31T09:33:00,IMPS,REF76A9ADE1,EMI
7C59D3B7,Rohit J.,SBI-XXXX-4004,SBI,Sigma Holdings,YES-XXXX-5002,YES,253672,2025-03-10T14:05:00,NEFT,YES1A4CCF6C,Service payment
598C8135,Anil Singh,HDFC-XXXX-8693,SBI,Rekha Tiwari,AXIS-XXXX-7765,AXIS,8987,2025-03-03T20:14:00,IMPS,REF107E7C25,Invoice
5C9E5D82,Sanjay Kumar,PNB-XXXX-4696,AXIS,Anita Sharma,HDFC-XXXX-3694,ICICI,167951,2025-01-23T18:40:00,NEFT,REF207EC5C8,Personal
675B4394,Delta Fin. Ltd,YES-XXXX-5001,YES,A. Krishnan,HDFC-XXXX-4003,HDFC,1000000,2025-03-15T10:21:00,RTGS,HDFC10D689F4,Inter-company transfer
8147EB55,Priya Singh,HDFC-XXXX-6926,SBI,Meena Pandey,SBI-XXXX-6937,BOI,253473,2025-02-01T09:03:00,RTGS,REFB13CFDD1,Invoice
B35F703E,Vikram S.,AXIS-XXXX-4001,AXIS,Meera Nambiar,AXIS-XXXX-4002,AXIS,500000,2025-03-06T12:41:00,RTGS,AXIS2A85951B,Business settlement
6C7A5FD9,Dinesh Ghosh,AXIS-XXXX-9724,BOI,Usha Sharma,AXIS-XXXX-2369,BOI,379824,2025-03-09T16:36:00,CASH,REF3B54441A,Rent
AE5BBEB2,Anita Mishra,BOI-XXXX-3809,ICICI,Anita Roy,ICICI-XXXX-7366,HDFC,179088,2025-02-06T18:48:00,CASH,REFDDA34162,Invoice
D74AFBB5,Anil Iyer,AXIS-XXXX-1786,BOI,Rajesh Ghosh,ICICI-XXXX-1265,BOI,234222,2025-01-19T16:55:00,RTGS,REFEF813C50,
91AB50CB,Shobha Nair,BOI-XXXX-6468,SBI,Priya Singh,BOI-XXXX-2509,BOI,414253,2025-01-29T16:10:00,IMPS,REF62CD584B,Personal
DD0C5E39,Sanjay Singh,SBI-XXXX-7054,SBI,Lata Mishra,HDFC-XXXX-3898,HDFC,48423,2025-03-09T09:03:00,NEFT,REFAE7FFF6D,Personal
BF129C4D,Rekha Sharma,HDFC-XXXX-4297,SBI,Rekha Sharma,PNB-XXXX-8794,AXIS,319448,2025-02-26T17:36:00,RTGS,REF3E44B407,
B21DFD41,Priya Mishra,HDFC-XXXX-3690,BOI,Priya Pandey,AXIS-XXXX-1160,ICICI,223262,2025-02-06T10:30:00,NEFT,REF0B1AC505,Personal
0FDC141E,Mahesh Iyer,AXIS-XXXX-5043,HDFC,Shobha Kumar,ICICI-XXXX-1462,HDFC,142012,2025-04-02T15:43:00,IMPS,REF579AC8AF,Invoice
59894D40,Mahesh Roy,SBI-XXXX-1597,HDFC,Priya Sharma,AXIS-XXXX-9947,HDFC,320067,2025-03-04T11:22:00,IMPS,REFC55BC3EE,Rent
4EA2556C,Shobha Iyer,AXIS-XXXX-5309,SBI,Usha Patel,ICICI-XXXX-2908,ICICI,426339,2025-01-25T19:50:00,IMPS,REF17D8AD84,Personal
E10DDD08,Meena Kumar,BOI-XXXX-3032,ICICI,Meena Mishra,AXIS-XXXX-4990,BOI,46623,2025-01-22T10:23:00,NEFT,REF73DD4D58,Invoice
9067A0A5,Usha Joshi,AXIS-XXXX-2106,ICICI,Rajesh Roy,BOI-XXXX-8354,AXIS,272924,2025-02-13T16:37:00,CASH,REFD1D0946B,Personal
223C9C9F,Rajesh Kumar,ICICI-XXXX-2527,ICICI,Rajesh Menon,ICICI-XXXX-7523,BOI,107175,2025-02-24T20:25:00,CASH,REFEAF23870,Invoice
29BA6ED3,Dinesh Roy,AXIS-XXXX-8812,BOI,Suresh Nair,SBI-XXXX-9414,HDFC,349752,2025-01-31T10:24:00,IMPS,REF3CD09BC1,Invoice
DF6AC2AB,Usha Iyer,SBI-XXXX-7350,HDFC,Meena Roy,BOI-XXXX-2228,HDFC,302219,2025-04-05T15:06:00,NEFT,REFE52883A8,Rent
E846096B,Vijay Kumar,AXIS-XXXX-4393,SBI,Sanjay Iyer,PNB-XXXX-3126,ICICI,145012,2025-03-15T17:50:00,CASH,REF3A944819,Invoice
5E2B2944,Mahesh Roy,SBI-XXXX-1153,SBI,Dinesh Mishra,ICICI-XXXX-2392,HDFC,77996,2025-03-17T20:36:00,NEFT,REF12502563,Rent
79F5AC6E,Vijay Iyer,HDFC-XXXX-3679,AXIS,Mahesh Ghosh,SBI-XXXX-8617,SBI,186554,2025-01-27T18:55:00,NEFT,REFCDF877A2,Personal
CB0EACC9,Rekha Singh,BOI-XXXX-5546,HDFC,Mahesh Roy,PNB-XXXX-1273,ICICI,443972,2025-02-24T19:10:00,IMPS,REF7B90F9DB,Invoice
4CB2C00E,Lata Tiwari,AXIS-XXXX-9225,ICICI,Sanjay Das,PNB-XXXX-6489,BOI,196292,2025-01-29T20:11:00,NEFT,REFF5DB1532,
7BC780AD,Rekha Singh,AXIS-XXXX-3945,ICICI,Sanjay Tiwari,ICICI-XXXX-5252,AXIS,71701,2025-02-13T18:11:00,IMPS,REF6BF934F0,
FF7C4AF5,Meena Nair,SBI-XXXX-3427,ICICI,Suresh Nair,SBI-XXXX-5079,HDFC,285281,2025-01-29T08:41:00,RTGS,REF404A127B,
77C98EE8,Anil Menon,SBI-XXXX-3908,ICICI,Anita Patel,PNB-XXXX-1159,BOI,189624,2025-03-16T17:00:00,NEFT,REF280C3C7B,Rent
400E4FCD,Shobha Singh,BOI-XXXX-6249,AXIS,Lata Kumar,AXIS-XXXX-1381,ICICI,234122,2025-02-07T14:01:00,IMPS,REF0C06DE19,Invoice
4A44BF33,Shobha Sharma,HDFC-XXXX-4335,ICICI,Mahesh Nair,PNB-XXXX-5718,SBI,54410,2025-02-07T16:58:00,CASH,REF80FE0ECA,
DEDDFA66,Mahesh Menon,SBI-XXXX-6333,AXIS,Meena Roy,AXIS-XXXX-7556,BOI,421263,2025-01-25T13:27:00,NEFT,REF41E6A148,Personal
8F36A13F,Shobha Roy,HDFC-XXXX-4916,AXIS,Priya Tiwari,ICICI-XXXX-7158,HDFC,214879,2025-02-07T08:23:00,NEFT,REF599CF830,Personal
BCC9247F,Anil Iyer,AXIS-XXXX-1453,BOI,Rajesh Tiwari,AXIS-XXXX-2448,HDFC,327546,2025-02-22T20:15:00,IMPS,REFCB96D11F,
3564CD71,Anita Sharma,HDFC-XXXX-1296,ICICI,Meena Singh,BOI-XXXX-5715,BOI,438573,2025-03-14T17:26:00,CASH,REFA355555A,
6514F613,Suresh Singh,AXIS-XXXX-5991,SBI,Usha Das,ICICI-XXXX-9824,HDFC,106499,2025-01-28T20:14:00,IMPS,REFBA1ED11C,Invoice
1319BBA1,Shobha Patel,AXIS-XXXX-7223,SBI,Mahesh Singh,ICICI-XXXX-4683,ICICI,113228,2025-02-12T10:17:00,IMPS,REF91720E54,Personal
054ACAE4,Mahesh Kumar,HDFC-XXXX-5925,SBI,Dinesh Tiwari,ICICI-XXXX-9750,AXIS,78324,2025-03-29T15:44:00,RTGS,REF9504D31D,
775BE85E,Lata Joshi,AXIS-XXXX-6409,BOI,Sanjay Pandey,BOI-XXXX-5542,BOI,355484,2025-03-16T11:10:00,NEFT,REF84B88B0A,Rent
947A9586,R. Jain,SBI-XXXX-4004,SBI,Sigma Hold.,YES-XXXX-5002,YES,543281,2025-03-20T09:46:00,NEFT,YESD785A384,Service payment
CE058B09,Rekha Menon,SBI-XXXX-2165,HDFC,Priya Tiwari,AXIS-XXXX-5226,AXIS,139231,2025-03-12T18:59:00,IMPS,REF4472A21A,Personal
542BC89D,Usha Sharma,BOI-XXXX-5264,BOI,Mahesh Das,PNB-XXXX-3018,AXIS,81675,2025-01-17T10:09:00,CASH,REFDC4C9413,Rent
B8DF133B,Lata Tiwari,ICICI-XXXX-6488,AXIS,Mahesh Menon,AXIS-XXXX-5817,BOI,21335,2025-02-04T13:02:00,RTGS,REFD59EC664,Rent
0B0A917E,Shobha Patel,ICICI-XXXX-1716,ICICI,Rekha Roy,PNB-XXXX-5001,ICICI,73008,2025-04-02T14:30:00,CASH,REFC8A9CAE4,Personal
2371190D,Vijay Menon,AXIS-XXXX-3531,HDFC,Rajesh Ghosh,PNB-XXXX-5382,BOI,69527,2025-01-17T08:06:00,IMPS,REF97266FE9,Invoice
EE5FE827,Vijay Kumar,AXIS-XXXX-5703,HDFC,Vijay Patel,BOI-XXXX-6169,AXIS,123468,2025-02-08T12:56:00,IMPS,REFDEA03B60,Rent
E3C6C6BC,Usha Patel,PNB-XXXX-9138,ICICI,Suresh Sharma,PNB-XXXX-2453,BOI,454397,2025-02-11T08:27:00,NEFT,REF9CF26F02,EMI
FC735FF6,Usha Iyer,AXIS-XXXX-2789,HDFC,Anita Nair,SBI-XXXX-7188,SBI,150103,2025-01-23T13:01:00,IMPS,REFF14C6E99,Rent
0FCD3BC8,Mahesh Mishra,SBI-XXXX-8507,AXIS,Sanjay Sharma,ICICI-XXXX-6610,ICICI,366336,2025-03-12T13:50:00,NEFT,REF0F656117,Invoice
A26CC485,Rohit J.,SBI-XXXX-4004,SBI,Sigma Hold.,YES-XXXX-5002,YES,398357,2025-03-29T18:08:00,IMPS,YES870D9593,Service payment
4B676FAD,Rekha Kumar,AXIS-XXXX-5466,ICICI,Anita Kumar,PNB-XXXX-7267,AXIS,106676,2025-02-21T11:25:00,IMPS,REF34623D4D,
A7BFE0F3,Anil Nair,ICICI-XXXX-8504,BOI,Meena Pandey,PNB-XXXX-9577,BOI,245343,2025-01-20T09:20:00,RTGS,REF690A0E21,Personal
65435D75,Meena Nair,HDFC-XXXX-7577,SBI,Priya Mishra,BOI-XXXX-3487,HDFC,237459,2025-02-02T18:17:00,RTGS,REF9C0EFEC6,Personal
F4EBEFB0,Rohit J.,SBI-XXXX-4004,SBI,Sigma Hold.,YES-XXXX-5002,YES,766564,2025-02-04T08:01:00,IMPS,YES883A6BE1,Service payment
9A216864,Anil Menon,PNB-XXXX-7542,HDFC,Anil Kumar,SBI-XXXX-5105,SBI,376772,2025-02-01T13:42:00,CASH,REF6F63BB88,EMI
0587C0A2,Vijay Patel,PNB-XXXX-4236,HDFC,Anil Patel,BOI-XXXX-5079,ICICI,154607,2025-03-29T15:40:00,IMPS,REFEDE497B6,Invoice
3B5F9350,Rekha Tiwari,AXIS-XXXX-9222,AXIS,Suresh Singh,SBI-XXXX-1346,HDFC,86548,2025-02-28T16:00:00,CASH,REF62CC6B1B,Rent
6F68D8AD,Sanjay Joshi,PNB-XXXX-4644,BOI,Usha Iyer,BOI-XXXX-6269,HDFC,236924,2025-04-05T08:04:00,NEFT,REF31401C8C,Personal
0DFA5FD0,Usha Pandey,HDFC-XXXX-5828,AXIS,Suresh Pandey,BOI-XXXX-7898,HDFC,115487,2025-02-12T08:47:00,IMPS,REFCE2F5599,Personal
8A70C68C,Shobha Kumar,SBI-XXXX-3843,AXIS,Dinesh Mishra,PNB-XXXX-9011,AXIS,287135,2025-01-25T20:56:00,CASH,REF0D6F1C0F,Personal
B681BFD9,Priya Iyer,HDFC-XXXX-4129,AXIS,Rekha Patel,PNB-XXXX-1174,HDFC,236777,2025-03-02T16:12:00,NEFT,REF633CE494,
E1BFB579,Shobha Kumar,HDFC-XXXX-3328,BOI,Anil Kumar,ICICI-XXXX-5644,HDFC,100985,2025-03-18T08:07:00,IMPS,REF0F7353E7,Invoice
0992EF54,Rajesh Kumar,SBI-XXXX-4214,BOI,Lata Pandey,AXIS-XXXX-1296,BOI,257797,2025-01-21T14:49:00,NEFT,REF0DF35681,Rent
0A483540,Anil Joshi,SBI-XXXX-6544,HDFC,Vijay Das,HDFC-XXXX-7056,ICICI,351506,2025-02-05T16:51:00,IMPS,REF321E531D,EMI
47D65DD4,Dinesh Kumar,PNB-XXXX-8293,SBI,Rekha Pandey,AXIS-XXXX-6864,AXIS,97896,2025-01-16T09:29:00,RTGS,REFA9698307,Rent
D74392F3,Rajesh Ghosh,AXIS-XXXX-6528,AXIS,Mahesh Das,ICICI-XXXX-7412,AXIS,42656,2025-03-23T19:18:00,RTGS,REF2674A361,Rent
48FD02E4,Rajesh Tiwari,AXIS-XXXX-4305,HDFC,Rekha Sharma,HDFC-XXXX-2497,SBI,226083,2025-01-18T08:21:00,IMPS,REFB2FA130F,Personal
A1DBB3E8,Mahesh Singh,ICICI-XXXX-9313,SBI,Vijay Ghosh,BOI-XXXX-9810,SBI,423338,2025-01-22T15:36:00,IMPS,REFCD46DE08,Rent
BFA96559,Rajesh Ghosh,AXIS-XXXX-6176,HDFC,Usha Nair,HDFC-XXXX-9189,AXIS,82293,2025-04-01T12:09:00,CASH,REFAC484CAA,Personal
E0BC833B,Sanjay Tiwari,HDFC-XXXX-2922,HDFC,Usha Roy,PNB-XXXX-3948,SBI,295833,2025-03-13T20:20:00,NEFT,REF7910EB7C,Personal
90373D6F,Meena Menon,BOI-XXXX-4251,HDFC,Usha Ghosh,AXIS-XXXX-4757,ICICI,425104,2025-02-04T13:21:00,NEFT,REFB69D8748,Rent
87F59C95,Anita Menon,AXIS-XXXX-2410,BOI,Shobha Singh,SBI-XXXX-2483,HDFC,387494,2025-01-26T10:20:00,IMPS,REF5121AF68,Personal
5577F1F5,Anita Kumar,BOI-XXXX-5103,SBI,Rajesh Pandey,PNB-XXXX-2194,AXIS,405216,2025-03-03T17:40:00,NEFT,REF9451CC24,Rent
8C5405FE,Rohit J.,SBI-XXXX-4004,SBI,Sigma Hold.,YES-XXXX-5002,YES,757446,2025-03-20T13:07:00,NEFT,YES8ACDA8FD,Service payment
9E551BF8,Shobha Mishra,ICICI-XXXX-4909,HDFC,Rekha Joshi,SBI-XXXX-3730,HDFC,179145,2025-03-14T10:00:00,CASH,REFB27A8677,EMI
148C277F,Anita Ghosh,AXIS-XXXX-3323,SBI,Meena Kumar,HDFC-XXXX-7998,AXIS,82267,2025-03-01T18:18:00,IMPS,REF1678B693,EMI
8BBE593D,Anita Nair,AXIS-XXXX-7047,ICICI,Sanjay Mishra,SBI-XXXX-1035,HDFC,412782,2025-02-02T13:09:00,NEFT,REF4443D72A,EMI
3F967FB2,Shobha Patel,BOI-XXXX-2806,AXIS,Lata Pandey,HDFC-XXXX-4041,HDFC,35923,2025-02-07T20:48:00,IMPS,REF4B5D8044,Invoice
0C435AE6,Sanjay Menon,ICICI-XXXX-7956,BOI,Anil Ghosh,SBI-XXXX-6683,AXIS,356208,2025-03-31T08:14:00,IMPS,REF186AA057,Rent
BA50F83E,Vijay Tiwari,PNB-XXXX-5963,AXIS,Anita Pandey,PNB-XXXX-8925,AXIS,252334,2025-04-02T18:11:00,IMPS,REF33FA4692,
28C46B9F,Shobha Joshi,AXIS-XXXX-5596,ICICI,Sanjay Mishra,AXIS-XXXX-4700,SBI,143313,2025-02-21T19:05:00,RTGS,REFD88D862D,
4683DA0D,Dinesh Roy,BOI-XXXX-7157,BOI,Dinesh Pandey,PNB-XXXX-7268,SBI,320444,2025-01-28T17:53:00,CASH,REF212AF0C4,Personal
5C4B4F07,Vijay Joshi,ICICI-XXXX-6036,AXIS,Mahesh Sharma,SBI-XXXX-7792,SBI,13142,2025-01-18T10:50:00,RTGS,REF7DEDDFC2,
90621300,Rekha Ghosh,AXIS-XXXX-8792,BOI,Rajesh Menon,ICICI-XXXX-6237,ICICI,436294,2025-03-12T10:29:00,CASH,REFD6B6BE4E,EMI
4E6EF692,Suresh Ghosh,PNB-XXXX-9956,HDFC,Shobha Das,ICICI-XXXX-5742,SBI,313681,2025-03-19T13:42:00,RTGS,REF76A65A3C,EMI
B6A9029E,Usha Das,BOI-XXXX-6768,ICICI,Lata Ghosh,HDFC-XXXX-2100,AXIS,229139,2025-04-05T14:55:00,NEFT,REF348BE1A3,
ABC15570,Suresh Singh,PNB-XXXX-5434,HDFC,Priya Sharma,AXIS-XXXX-2322,ICICI,119744,2025-01-19T15:59:00,RTGS,REF99A498A1,Rent
F19C060C,Anita Menon,PNB-XXXX-1425,AXIS,Dinesh Menon,BOI-XXXX-4153,SBI,58838,2025-01-16T17:45:00,NEFT,REF67F79F3E,
A7CF00BC,Meena Pandey,AXIS-XXXX-4614,ICICI,Vijay Sharma,BOI-XXXX-7479,HDFC,238861,2025-02-13T19:46:00,NEFT,REFF25E5C01,Invoice
C4498042,Rohit J.,SBI-XXXX-4004,SBI,Sigma Hold.,YES-XXXX-5002,YES,521530,2025-03-26T12:46:00,IMPS,YESDE6CFEC6,Service payment
1E6497D3,Shobha Mishra,PNB-XXXX-5311,HDFC,Meena Ghosh,BOI-XXXX-6273,AXIS,399956,2025-02-28T20:52:00,IMPS,REF23B56BC0,EMI
0B879F74,Rajesh Joshi,ICICI-XXXX-8039,BOI,Priya Kumar,AXIS-XXXX-8867,ICICI,152966,2025-03-18T09:48:00,NEFT,REF41B916B6,Rent
60CA515E,Priya Patel,PNB-XXXX-9345,SBI,Suresh Kumar,BOI-XXXX-7060,AXIS,203901,2025-02-25T15:11:00,IMPS,REF7E97DE56,
E8EF10ED,Dinesh Mishra,HDFC-XXXX-1223,SBI,Usha Kumar,BOI-XXXX-2679,BOI,213633,2025-03-18T08:10:00,RTGS,REF436853E1,Invoice
5591D4EE,Rekha Joshi,SBI-XXXX-6054,AXIS,Anil Sharma,BOI-XXXX-3728,BOI,113108,2025-04-05T09:39:00,IMPS,REFB479F504,Invoice
736E761B,Meena Nair,PNB-XXXX-3993,HDFC,Meena Mishra,PNB-XXXX-8472,HDFC,26093,2025-04-02T12:35:00,RTGS,REFE3F33ADA,Personal
07A18E17,Shobha Joshi,AXIS-XXXX-3651,HDFC,Rekha Mishra,AXIS-XXXX-1095,ICICI,468248,2025-02-09T09:12:00,RTGS,REFD8EDD1BF,Personal
DF4959C4,Vijay Ghosh,BOI-XXXX-9087,BOI,Anil Singh,PNB-XXXX-1817,HDFC,63239,2025-02-12T09:03:00,NEFT,REF06B65FF3,
A1AB1FC4,Rekha Tiwari,AXIS-XXXX-9993,AXIS,Mahesh Singh,PNB-XXXX-6609,BOI,142816,2025-01-23T20:23:00,NEFT,REFAFEBA392,Personal
9F546C24,Dinesh Menon,PNB-XXXX-5620,BOI,Vijay Roy,SBI-XXXX-1785,HDFC,171721,2025-03-05T10:22:00,CASH,REF225F2261,
AEA25CCB,Sanjay Iyer,SBI-XXXX-6922,AXIS,Shobha Sharma,SBI-XXXX-4465,SBI,402733,2025-03-10T12:16:00,CASH,REFE5C363AA,Rent
FBF9B6A0,Anita Ghosh,SBI-XXXX-9984,AXIS,Anita Menon,PNB-XXXX-2457,ICICI,481706,2025-02-26T20:17:00,IMPS,REFBC9A7CAE,Rent
597AE627,Meena Singh,BOI-XXXX-1164,HDFC,Anil Mishra,BOI-XXXX-1750,SBI,462837,2025-02-15T08:04:00,NEFT,REF61BC84BB,Rent
FA7E1EE3,Dinesh Iyer,AXIS-XXXX-5669,AXIS,Mahesh Nair,PNB-XXXX-2625,SBI,427544,2025-01-28T09:41:00,NEFT,REF4680095A,
FF0EDBDA,Rohit J.,SBI-XXXX-4004,SBI,Sigma Holdings,YES-XXXX-5002,YES,709845,2025-03-28T19:57:00,NEFT,YESE259C5E3,Service payment
6F8DE5E2,Lata Nair,BOI-XXXX-1585,HDFC,Suresh Ghosh,ICICI-XXXX-1425,HDFC,466462,2025-03-03T17:23:00,CASH,REFBF63A9D7,Invoice
7B34A0EE,Dinesh Joshi,PNB-XXXX-9060,SBI,Sanjay Mishra,ICICI-XXXX-4666,BOI,406781,2025-04-01T09:41:00,RTGS,REF02037979,EMI
FFB36E64,Lata Singh,ICICI-XXXX-1599,BOI,Priya Iyer,HDFC-XXXX-3871,SBI,285486,2025-01-27T10:46:00,IMPS,REF72D3753E,EMI
93C5818F,Anita Menon,ICICI-XXXX-3713,SBI,Vijay Nair,AXIS-XXXX-8191,HDFC,469177,2025-02-05T12:58:00,RTGS,REF5989F35E,
DE01A498,Vijay Pandey,HDFC-XXXX-5786,AXIS,Shobha Tiwari,PNB-XXXX-7425,BOI,192237,2025-03-25T15:18:00,NEFT,REF07466F23,Rent
E3104F65,Meena Sharma,ICICI-XXXX-9591,SBI,Shobha Kumar,ICICI-XXXX-9495,SBI,95086,2025-02-25T14:25:00,IMPS,REF80C2E37D,Personal
5D2796C2,Suresh Sharma,BOI-XXXX-6400,SBI,Meena Das,SBI-XXXX-1579,ICICI,42100,2025-03-09T17:47:00,IMPS,REFD705612F,Personal
48D61BB6,Suresh Roy,PNB-XXXX-2656,AXIS,Dinesh Mishra,SBI-XXXX-6534,ICICI,226527,2025-03-07T08:11:00,CASH,REFCEA8ABEE,Invoice
F47860C4,Priya Iyer,SBI-XXXX-6325,BOI,Meena Patel,BOI-XXXX-8731,SBI,199141,2025-01-17T19:38:00,CASH,REF118EEB54,EMI
F885BA5F,Sanjay Mishra,ICICI-XXXX-8415,AXIS,Priya Menon,BOI-XXXX-5216,AXIS,137926,2025-03-02T15:00:00,RTGS,REFB953647A,Invoice
6B8A1A82,Usha Mishra,AXIS-XXXX-7908,SBI,Mahesh Singh,ICICI-XXXX-5519,ICICI,340683,2025-03-21T13:26:00,CASH,REF064A61FC,Invoice
F0AE142D,Mahesh Roy,SBI-XXXX-7066,ICICI,Rajesh Nair,ICICI-XXXX-9226,SBI,371643,2025-03-19T18:29:00,NEFT,REF3D97D2A0,EMI
8F1DBDFF,M. Nambiar,AXIS-XXXX-4002,AXIS,Delta Fin. Ltd,YES-XXXX-5001,YES,500000,2025-02-24T12:08:00,RTGS,YESC0930CFE,Consulting fees
54C27EC5,Sanjay Kumar,ICICI-XXXX-8111,AXIS,Sanjay Mishra,PNB-XXXX-1935,SBI,295085,2025-03-05T19:59:00,CASH,REF7D87B015,Invoice
2D33BCC2,Dinesh Ghosh,HDFC-XXXX-3644,AXIS,Rekha Mishra,HDFC-XXXX-3870,AXIS,496331,2025-02-09T13:08:00,RTGS,REFF9B3CE34,Personal
8365A3FD,Usha Tiwari,AXIS-XXXX-1324,AXIS,Anil Pandey,SBI-XXXX-5918,BOI,286646,2025-02-03T16:46:00,IMPS,REF8CB9FC36,Invoice
15DEB993,Lata Kumar,ICICI-XXXX-4075,BOI,Meena Joshi,SBI-XXXX-4937,ICICI,49585,2025-03-28T17:02:00,IMPS,REF42E3CB33,EMI
95B3C96B,Sanjay Sharma,ICICI-XXXX-6935,ICICI,Dinesh Pandey,SBI-XXXX-7523,SBI,343468,2025-02-13T10:31:00,IMPS,REF2F2E9443,Personal
D804FC30,Lata Das,BOI-XXXX-4127,SBI,Sanjay Joshi,AXIS-XXXX-5536,AXIS,241605,2025-02-03T18:21:00,NEFT,REF8114C904,Rent
DB312B0D,Rekha Das,PNB-XXXX-7572,ICICI,Rajesh Sharma,BOI-XXXX-2767,AXIS,228291,2025-02-18T17:25:00,IMPS,REF2222AA6F,Personal
6447F480,Mahesh Iyer,BOI-XXXX-8374,ICICI,Mahesh Kumar,BOI-XXXX-1934,HDFC,371868,2025-03-27T08:09:00,NEFT,REFACD13181,Invoice
E7F1A3CB,Rekha Ghosh,BOI-XXXX-4267,HDFC,Lata Ghosh,AXIS-XXXX-5488,SBI,44021,2025-02-15T10:20:00,CASH,REFD19567EB,EMI
AD040984,Suresh Sharma,AXIS-XXXX-5137,BOI,Rekha Menon,AXIS-XXXX-2923,AXIS,40498,2025-03-17T14:33:00,IMPS,REF0B2DC1EF,Personal
10E2CF46,Suresh Patel,AXIS-XXXX-3625,HDFC,Anil Tiwari,HDFC-XXXX-7865,AXIS,315072,2025-02-08T11:53:00,RTGS,REF6C134838,Personal
BA41A117,Rekha Tiwari,HDFC-XXXX-3346,SBI,Usha Mishra,PNB-XXXX-4451,AXIS,277176,2025-02-19T17:56:00,IMPS,REF4397EB1C,Invoice
E34E2217,Suresh Iyer,PNB-XXXX-1323,AXIS,Dinesh Pandey,BOI-XXXX-9684,AXIS,38518,2025-03-22T17:34:00,CASH,REF57BD0273,Personal
DED31BFC,Suresh Kumar,BOI-XXXX-9907,SBI,Lata Iyer,SBI-XXXX-3138,AXIS,337641,2025-04-05T20:22:00,IMPS,REF621BED02,Rent
0A36A6F2,Priya Menon,BOI-XXXX-9379,BOI,Suresh Iyer,HDFC-XXXX-6183,AXIS,203674,2025-01-18T17:15:00,NEFT,REF83DAD11F,Invoice
B15423A2,Priya Tiwari,ICICI-XXXX-2970,BOI,Anil Joshi,ICICI-XXXX-3916,SBI,459105,2025-03-02T15:49:00,CASH,REFDAF6001C,Invoice
B917452E,Dinesh Roy,HDFC-XXXX-3918,SBI,Anil Mishra,ICICI-XXXX-7230,BOI,128058,2025-02-28T15:33:00,CASH,REF7DC0BC72,Rent
AAB130D0,Rekha Sharma,BOI-XXXX-1583,SBI,Meena Patel,BOI-XXXX-7163,HDFC,358028,2025-02-09T12:30:00,IMPS,REF2B0B5956,EMI
1C622027,Dinesh Ghosh,SBI-XXXX-6527,SBI,Anita Das,SBI-XXXX-7800,ICICI,149008,2025-02-24T20:22:00,NEFT,REF91C7E8A5,Personal
3B883167,Anita Patel,SBI-XXXX-3910,SBI,Usha Mishra,BOI-XXXX-9005,SBI,102880,2025-02-09T09:58:00,NEFT,REF4071F32D,Invoice
5FA594FB,Lata Pandey,HDFC-XXXX-9570,ICICI,Meena Pandey,PNB-XXXX-1378,BOI,327152,2025-02-16T18:35:00,NEFT,REF3C7F5BBF,Personal
CB05CCDA,Suresh Roy,BOI-XXXX-1326,SBI,Sanjay Iyer,SBI-XXXX-6460,ICICI,407046,2025-03-26T09:41:00,NEFT,REF2789344E,
BBEE926D,Shobha Singh,SBI-XXXX-1284,BOI,Mahesh Nair,HDFC-XXXX-9606,BOI,92715,2025-02-02T20:06:00,NEFT,REF5BCEC3CE,Invoice
3E79A41A,Sanjay Joshi,BOI-XXXX-5247,HDFC,Priya Menon,BOI-XXXX-6703,BOI,328734,2025-03-07T09:02:00,NEFT,REF258E736D,Rent
0AD0AF55,Anita Tiwari,ICICI-XXXX-7874,AXIS,Rekha Sharma,PNB-XXXX-7960,SBI,97376,2025-03-15T13:42:00,NEFT,REF81AC315E,Invoice
468818FB,Priya Iyer,PNB-XXXX-9754,ICICI,Meena Mishra,PNB-XXXX-9652,BOI,27206,2025-04-02T15:10:00,CASH,REFA70ED195,
F8F5191C,Suresh Mishra,BOI-XXXX-7850,AXIS,Rajesh Nair,SBI-XXXX-8134,ICICI,382457,2025-02-18T16:20:00,IMPS,REFBAA243E7,Invoice
CCB1ED96,Rekha Das,BOI-XXXX-7669,SBI,Shobha Kumar,AXIS-XXXX-4829,SBI,146117,2025-03-26T17:43:00,NEFT,REFA5DCBB5D,Rent
6C168270,Rohit J.,SBI-XXXX-4004,SBI,Sigma Holdings,YES-XXXX-5002,YES,393371,2025-03-23T17:58:00,NEFT,YESEEF5018E,Service payment
DEA0C30E,Anil Patel,BOI-XXXX-7541,SBI,Meena Iyer,AXIS-XXXX-2531,ICICI,249254,2025-03-15T18:34:00,NEFT,REFEE3DB11D,Personal
C82B1977,Anil Mishra,SBI-XXXX-8601,AXIS,Usha Iyer,HDFC-XXXX-1458,ICICI,244642,2025-01-30T17:24:00,NEFT,REFF946CA3C,
B0B6B7F8,Vijay Joshi,PNB-XXXX-8292,ICICI,Rajesh Singh,SBI-XXXX-2353,SBI,261491,2025-03-21T11:01:00,IMPS,REF26BF29DC,
A23319AE,Lata Das,ICICI-XXXX-2549,BOI,Suresh Iyer,AXIS-XXXX-8105,ICICI,304590,2025-01-31T09:20:00,NEFT,REF24B34062,
4A79BF64,Usha Joshi,HDFC-XXXX-9631,ICICI,Rekha Mishra,BOI-XXXX-9248,SBI,33310,2025-02-28T14:45:00,IMPS,REF2866B286,EMI
4ABDBE75,Suresh Tiwari,SBI-XXXX-8192,BOI,Shobha Roy,BOI-XXXX-8126,AXIS,253288,2025-02-15T12:46:00,RTGS,REF51E00345,
DC604348,M. Nambiar,AXIS-XXXX-4002,AXIS,Delta Finance Ltd,YES-XXXX-5001,YES,500000,2025-02-04T14:18:00,RTGS,YES1900CD92,Consulting fees
FA2476E1,Suresh Pandey,ICICI-XXXX-5170,BOI,Anita Patel,SBI-XXXX-5834,AXIS,277011,2025-03-01T11:37:00,NEFT,REFAF649D22,EMI
DA399A2D,Mahesh Iyer,PNB-XXXX-4481,AXIS,Mahesh Iyer,AXIS-XXXX-4977,SBI,208200,2025-01-31T13:48:00,IMPS,REF8AB982D0,EMI
183C76BB,Shobha Joshi,BOI-XXXX-3445,AXIS,Meena Sharma,PNB-XXXX-4438,AXIS,127538,2025-03-22T17:50:00,IMPS,REFABED64B6,EMI
CEDD5652,V. Sinha,AXIS-XXXX-4001,AXIS,M. Nambiar,AXIS-XXXX-4002,AXIS,500000,2025-02-02T17:35:00,RTGS,AXISD5527E3A,Business settlement
E039ED1B,Dinesh Das,HDFC-XXXX-5432,SBI,Anita Kumar,AXIS-XXXX-9316,HDFC,345963,2025-02-28T14:30:00,RTGS,REFAABBD787,Rent
387CAA1C,Rekha Singh,SBI-XXXX-2656,AXIS,Meena Roy,AXIS-XXXX-4627,BOI,232418,2025-02-18T09:49:00,CASH,REF98922AAB,EMI
98060C93,Lata Menon,ICICI-XXXX-2052,AXIS,Suresh Kumar,BOI-XXXX-5146,BOI,219857,2025-02-21T17:52:00,CASH,REF086AF23A,
704EBC4E,Vikram Sinha,AXIS-XXXX-4001,AXIS,M. Nambiar,AXIS-XXXX-4002,AXIS,500000,2025-01-25T17:29:00,RTGS,AXIS15078ADC,Business settlement
09C1A31C,Anil Pandey,SBI-XXXX-1849,HDFC,Meena Tiwari,BOI-XXXX-4874,AXIS,271664,2025-03-20T14:07:00,RTGS,REF83EE4153,Personal
6DDCD3CB,R. Jain,SBI-XXXX-4004,SBI,Sigma Hold.,YES-XXXX-5002,YES,412434,2025-03-29T19:00:00,IMPS,YES87B0E1B5,Service payment
A1869AC5,Sanjay Tiwari,HDFC-XXXX-6670,AXIS,Anil Patel,AXIS-XXXX-1013,HDFC,110070,2025-02-06T12:19:00,NEFT,REF5F02D828,Rent
EB6A9119,Dinesh Nair,ICICI-XXXX-9690,AXIS,Anita Joshi,ICICI-XXXX-4445,BOI,357262,2025-02-03T13:10:00,IMPS,REFC4C7098E,EMI
7003966B,Rohit J.,SBI-XXXX-4004,SBI,Sigma Hold.,YES-XXXX-5002,YES,716813,2025-03-27T16:49:00,IMPS,YESA05ABCE7,Service payment
A557CA84,Usha Nair,BOI-XXXX-9172,AXIS,Shobha Mishra,AXIS-XXXX-7830,HDFC,80678,2025-03-20T10:31:00,CASH,REFE1C49980,EMI
F5163212,Rajesh Das,ICICI-XXXX-1652,SBI,Usha Das,AXIS-XXXX-7014,SBI,471179,2025-04-01T18:23:00,RTGS,REFA5A4908B,EMI
F81CBEE4,Anita Iyer,PNB-XXXX-1478,HDFC,Rekha Iyer,ICICI-XXXX-4610,ICICI,354140,2025-03-16T18:07:00,CASH,REFE76B3037,Rent
95009786,Vijay Joshi,ICICI-XXXX-1105,AXIS,Lata Mishra,HDFC-XXXX-2879,SBI,5018,2025-02-03T17:56:00,NEFT,REF86215052,
E71EBFBA,Rajesh Nair,PNB-XXXX-5495,SBI,Meena Tiwari,BOI-XXXX-5846,ICICI,304411,2025-03-06T08:39:00,RTGS,REF4CA0A3E9,Invoice
D2CCA557,Priya Mishra,BOI-XXXX-3968,HDFC,Usha Roy,PNB-XXXX-3436,HDFC,68156,2025-01-31T14:02:00,RTGS,REF38C1694E,Rent
AAE652BC,Anil Nair,SBI-XXXX-2878,SBI,Dinesh Patel,ICICI-XXXX-3359,HDFC,138984,2025-01-26T10:19:00,NEFT,REF0E14CD62,Rent
ACF9898C,Mahesh Singh,BOI-XXXX-6098,BOI,Anita Tiwari,PNB-XXXX-8718,HDFC,351251,2025-03-12T12:52:00,NEFT,REF77EDB202,
28A78C2C,Mahesh Roy,ICICI-XXXX-8439,BOI,Sanjay Mishra,PNB-XXXX-8084,SBI,215483,2025-03-29T12:00:00,IMPS,REF8697E41D,EMI
2A94199E,Dinesh Iyer,AXIS-XXXX-2979,HDFC,Meena Singh,ICICI-XXXX-6298,HDFC,12861,2025-03-07T18:20:00,NEFT,REFF5D4C5DD,EMI
6E939619,Lata Tiwari,HDFC-XXXX-9245,HDFC,Rajesh Iyer,AXIS-XXXX-8443,BOI,377982,2025-02-17T17:32:00,RTGS,REFFB114CAA,Rent
8CF6DF22,Vijay Nair,PNB-XXXX-8202,ICICI,Anita Das,ICICI-XXXX-6957,ICICI,409944,2025-03-22T15:53:00,CASH,REFD55F3072,Rent
1FA3E23C,Priya Kumar,HDFC-XXXX-3587,ICICI,Mahesh Ghosh,ICICI-XXXX-2093,HDFC,481439,2025-03-19T14:48:00,IMPS,REF12F5EC62,Personal
970EBF7B,Rekha Das,HDFC-XXXX-8549,ICICI,Rekha Sharma,PNB-XXXX-5243,ICICI,321469,2025-01-17T10:07:00,CASH,REFFA84CDD1,EMI
0C40CD3D,Rajesh Mishra,SBI-XXXX-5254,SBI,Anita Kumar,ICICI-XXXX-2229,ICICI,177663,2025-04-03T20:51:00,NEFT,REFA72B02F7,Invoice
2B641D34,Lata Kumar,SBI-XXXX-4464,ICICI,Dinesh Mishra,PNB-XXXX-9326,BOI,378733,2025-02-28T11:24:00,IMPS,REF183E6654,Personal
C72633B4,Mahesh Menon,SBI-XXXX-3600,AXIS,Shobha Menon,ICICI-XXXX-2641,HDFC,483752,2025-03-01T12:10:00,NEFT,REFEF22C9FC,
506A1A4F,Suresh Ghosh,AXIS-XXXX-8835,SBI,Anil Pandey,HDFC-XXXX-3128,HDFC,167401,2025-03-11T19:42:00,NEFT,REF689EB039,Rent
1C653A63,Dinesh Singh,ICICI-XXXX-8932,BOI,Meena Das,AXIS-XXXX-4764,BOI,439016,2025-01-31T16:15:00,NEFT,REF0083F86D,
CC4897ED,Vijay Iyer,BOI-XXXX-4748,ICICI,Mahesh Pandey,SBI-XXXX-6007,AXIS,409005,2025-02-24T09:40:00,NEFT,REF1DC8E309,Personal
05BB052C,Dinesh Ghosh,ICICI-XXXX-1358,HDFC,Sanjay Tiwari,SBI-XXXX-6143,ICICI,479534,2025-03-13T19:56:00,IMPS,REFF7B3EC16,Rent
06C8FB55,Anil Roy,HDFC-XXXX-7800,HDFC,Suresh Roy,PNB-XXXX-8079,AXIS,206675,2025-02-07T19:36:00,NEFT,REF3F97D7C5,EMI
620C9467,Rajesh Ghosh,AXIS-XXXX-1846,ICICI,Anita Nair,ICICI-XXXX-5596,ICICI,378075,2025-03-09T11:20:00,NEFT,REF6CA9B1F2,Rent
7E073C52,Rekha Kumar,BOI-XXXX-2887,HDFC,Vijay Das,HDFC-XXXX-6896,SBI,20563,2025-02-09T11:18:00,IMPS,REFD9128783,Rent
09CC7D25,Rajesh Patel,BOI-XXXX-5169,SBI,Meena Roy,SBI-XXXX-9781,SBI,276578,2025-03-21T20:09:00,IMPS,REFDEC6DAD3,Invoice
E8304D62,Lata Singh,SBI-XXXX-4909,ICICI,Lata Joshi,PNB-XXXX-7911,AXIS,381590,2025-01-20T13:41:00,NEFT,REF30DF5806,EMI
17C14793,Shobha Mishra,AXIS-XXXX-7106,BOI,Priya Singh,AXIS-XXXX-4671,BOI,18050,2025-03-06T20:14:00,NEFT,REF9F039AB1,Invoice
C5F070F6,Anita Pandey,BOI-XXXX-3991,AXIS,Usha Ghosh,HDFC-XXXX-3321,HDFC,411801,2025-01-17T11:46:00,CASH,REF2E225DB6,Invoice
2D1ABAD9,Anil Patel,ICICI-XXXX-2506,BOI,Anil Patel,PNB-XXXX-4471,AXIS,329557,2025-01-22T11:25:00,IMPS,REF6C91962F,
33C91BCA,Anil Mishra,SBI-XXXX-3288,BOI,Vijay Iyer,HDFC-XXXX-9270,ICICI,468434,2025-02-27T18:16:00,CASH,REF2569F080,EMI
16071F2E,Sanjay Ghosh,PNB-XXXX-3057,ICICI,Lata Iyer,AXIS-XXXX-2374,BOI,111670,2025-02-02T13:34:00,IMPS,REF610D0C32,Rent
28472838,Sanjay Iyer,PNB-XXXX-2310,HDFC,Rajesh Menon,PNB-XXXX-5224,HDFC,274953,2025-04-03T19:55:00,NEFT,REFB336E4F0,EMI
5AA7D412,Anil Mishra,ICICI-XXXX-2113,HDFC,Vijay Singh,BOI-XXXX-4955,BOI,493536,2025-04-03T16:19:00,NEFT,REF3A956A0F,
2ED8AD83,Anil Sharma,HDFC-XXXX-2812,BOI,Vijay Patel,HDFC-XXXX-7571,BOI,219180,2025-03-01T20:13:00,NEFT,REFD78CF2D1,
3C54D858,Anand K.,HDFC-XXXX-4003,HDFC,R. Jain,SBI-XXXX-4004,SBI,500000,2025-04-01T10:00:00,NEFT,SBIEE253A4F,Settlement
4224CE4D,Sanjay Sharma,BOI-XXXX-6388,BOI,Shobha Das,AXIS-XXXX-1640,SBI,155948,2025-03-14T13:44:00,CASH,REFF13E67E3,Invoice
4865B0CB,Dinesh Menon,SBI-XXXX-6365,ICICI,Meena Joshi,HDFC-XXXX-4304,ICICI,90610,2025-03-10T12:14:00,IMPS,REF6398DCA1,Invoice
24BA39AB,Lata Singh,BOI-XXXX-5578,HDFC,Rekha Das,BOI-XXXX-8785,BOI,221597,2025-02-08T08:40:00,RTGS,REFF044D102,Personal
F49319BA,Meena Mishra,SBI-XXXX-9721,HDFC,Shobha Mishra,SBI-XXXX-9566,SBI,209796,2025-02-23T15:03:00,IMPS,REFBCED7830,Personal
8F166F5E,Usha Tiwari,PNB-XXXX-9898,ICICI,Rajesh Tiwari,ICICI-XXXX-5617,ICICI,415584,2025-03-07T14:52:00,IMPS,REF2B9DAF19,Personal
53972F01,Meena Pandey,HDFC-XXXX-8152,SBI,Priya Sharma,HDFC-XXXX-7131,SBI,255265,2025-02-04T13:06:00,NEFT,REF97244FFE,
3B06CCD3,Priya Menon,BOI-XXXX-8935,SBI,Vijay Joshi,BOI-XXXX-1339,HDFC,220125,2025-02-12T18:09:00,RTGS,REFE168404B,EMI
5272F3FD,Usha Ghosh,ICICI-XXXX-9694,SBI,Lata Pandey,HDFC-XXXX-3721,ICICI,377951,2025-02-02T14:35:00,NEFT,REFE59CE47E,EMI
AD5BB773,Suresh Tiwari,HDFC-XXXX-9270,AXIS,Sanjay Das,PNB-XXXX-8357,HDFC,459214,2025-02-25T09:51:00,IMPS,REFE3574487,
457B38D0,Sanjay Patel,SBI-XXXX-8240,SBI,Vijay Roy,PNB-XXXX-8075,SBI,58386,2025-01-22T16:03:00,RTGS,REF32704D17,EMI
30446ADB,Anita Sharma,HDFC-XXXX-6337,BOI,Rekha Pandey,PNB-XXXX-7815,SBI,341533,2025-03-10T12:09:00,NEFT,REF390E7BEE,Invoice
64577D6D,Sanjay Ghosh,AXIS-XXXX-9254,BOI,Vijay Nair,HDFC-XXXX-5855,ICICI,294486,2025-01-30T10:14:00,NEFT,REF24B31AF1,
59C1B6A0,Rajesh Ghosh,ICICI-XXXX-5286,ICICI,Anil Iyer,AXIS-XXXX-7966,AXIS,141681,2025-01-21T12:31:00,CASH,REFD640B5F9,Rent
16452403,V. Sinha,AXIS-XXXX-4001,AXIS,M. Nambiar,AXIS-XXXX-4002,AXIS,500000,2025-02-23T12:46:00,RTGS,AXIS712D1E69,Business settlement
C0B72561,Mahesh Ghosh,PNB-XXXX-3235,AXIS,Shobha Ghosh,PNB-XXXX-9722,SBI,217583,2025-01-16T17:12:00,CASH,REF844FFFE4,Personal
69C477D1,Anita Patel,BOI-XXXX-5886,SBI,Anita Das,HDFC-XXXX-1843,BOI,288397,2025-02-26T08:14:00,RTGS,REF27570451,Invoice
CA9828AF,Vijay Menon,SBI-XXXX-7043,ICICI,Dinesh Kumar,BOI-XXXX-5473,SBI,344328,2025-02-19T18:30:00,NEFT,REF2C07514E,Personal
E8585B59,Priya Singh,SBI-XXXX-3366,HDFC,Sanjay Sharma,HDFC-XXXX-9725,AXIS,369041,2025-03-03T13:38:00,NEFT,REF2B24B512,Rent
4D066797,Meena Nair,SBI-XXXX-2710,SBI,Rekha Roy,ICICI-XXXX-1459,HDFC,152957,2025-02-04T16:06:00,NEFT,REFF2B2873A,Rent
D022A8DF,Suresh Sharma,ICICI-XXXX-7317,AXIS,Usha Roy,BOI-XXXX-4326,AXIS,103541,2025-01-23T12:27:00,IMPS,REFC6D5A059,Invoice
6D641186,Mahesh Mishra,HDFC-XXXX-7243,SBI,Anita Sharma,BOI-XXXX-9249,BOI,335471,2025-03-26T19:26:00,IMPS,REF2FBC3579,Personal
D97C734A,Suresh Pandey,AXIS-XXXX-5143,ICICI,Dinesh Ghosh,PNB-XXXX-7271,BOI,166469,2025-03-08T20:56:00,CASH,REFCE66CB2C,Personal
95CD2C52,Suresh Iyer,AXIS-XXXX-6426,SBI,Suresh Joshi,HDFC-XXXX-8852,ICICI,67281,2025-03-09T15:35:00,NEFT,REFEA492727,Rent
2040F7B3,Vijay Kumar,SBI-XXXX-7179,HDFC,Anil Singh,SBI-XXXX-3879,BOI,386853,2025-02-23T17:52:00,NEFT,REF89F5C9B2,Personal
8CCCB9DD,Mahesh Ghosh,HDFC-XXXX-6651,SBI,Meena Nair,ICICI-XXXX-7982,BOI,387375,2025-02-23T13:39:00,NEFT,REFF0D4E002,Invoice
D5D101FD,Shobha Das,ICICI-XXXX-3100,ICICI,Mahesh Ghosh,ICICI-XXXX-2579,AXIS,263370,2025-03-29T11:08:00,IMPS,REF91B046C9,
86F0DAED,Anil Singh,AXIS-XXXX-9924,SBI,Mahesh Das,BOI-XXXX-1534,ICICI,451538,2025-03-09T11:14:00,NEFT,REF4D96A7C9,
F98977EB,Priya Joshi,PNB-XXXX-2298,AXIS,Anita Tiwari,HDFC-XXXX-5275,ICICI,327741,2025-03-21T16:54:00,IMPS,REF59876214,Personal
F5FF0B38,Priya Mishra,HDFC-XXXX-7184,SBI,Priya Iyer,ICICI-XXXX-1886,SBI,352470,2025-03-30T09:30:00,IMPS,REFEC7C5CF7,Rent
E8DB2F48,Mahesh Das,ICICI-XXXX-5957,BOI,Sanjay Singh,HDFC-XXXX-7442,AXIS,410756,2025-03-05T19:30:00,RTGS,REF91F8B11B,Invoice
45E666C7,Suresh Das,SBI-XXXX-5514,BOI,Meena Mishra,BOI-XXXX-7705,HDFC,338080,2025-01-15T12:17:00,IMPS,REF3FCE40A7,Invoice
C5FA30F6,Suresh Roy,ICICI-XXXX-7272,HDFC,Lata Kumar,ICICI-XXXX-1292,BOI,7436,2025-03-15T12:08:00,NEFT,REF8ED4D859,Personal
630286A1,Usha Patel,HDFC-XXXX-5896,BOI,Meena Ghosh,SBI-XXXX-8180,HDFC,176883,2025-03-29T16:48:00,CASH,REF8E7B2F33,Invoice
ADAB2995,Delta Finance Ltd,YES-XXXX-5001,YES,Aanand Krishnan,HDFC-XXXX-4003,HDFC,500000,2025-04-01T10:42:00,RTGS,HDFC33060542,Inter-company transfer
471874CB,Priya Iyer,ICICI-XXXX-4196,HDFC,Usha Ghosh,BOI-XXXX-9267,SBI,72036,2025-03-19T20:05:00,RTGS,REFEC140D02,
7B5FB7D7,Vijay Mishra,HDFC-XXXX-5992,AXIS,Priya Das,PNB-XXXX-5831,HDFC,394930,2025-01-31T10:38:00,RTGS,REF982ABC8C,EMI
518AC455,Vijay Patel,HDFC-XXXX-4573,HDFC,Priya Joshi,SBI-XXXX-6934,BOI,58450,2025-02-02T14:27:00,CASH,REF70E006C0,Rent
14BE5724,Lata Joshi,AXIS-XXXX-7852,AXIS,Meena Joshi,SBI-XXXX-4673,HDFC,324661,2025-04-04T16:05:00,IMPS,REF47E20444,
41F2D3D2,Meena Menon,ICICI-XXXX-9242,ICICI,Mahesh Das,SBI-XXXX-3984,AXIS,8416,2025-02-24T16:30:00,NEFT,REFDD033551,Rent
699EEC75,Suresh Mishra,BOI-XXXX-9669,SBI,Priya Sharma,AXIS-XXXX-8755,SBI,396379,2025-02-04T16:23:00,NEFT,REF073576F9,
46CF5B5D,Lata Das,HDFC-XXXX-2333,AXIS,Sanjay Joshi,BOI-XXXX-2062,HDFC,271660,2025-03-05T20:56:00,CASH,REF618EE749,
974F1F83,Mahesh Nair,AXIS-XXXX-9123,AXIS,Dinesh Iyer,HDFC-XXXX-5097,HDFC,108744,2025-02-19T14:06:00,IMPS,REF2588ED53,
B7473205,Anita Singh,PNB-XXXX-1223,BOI,Sanjay Pandey,HDFC-XXXX-6426,ICICI,393650,2025-03-02T19:49:00,IMPS,REFD1869F05,
B4F3EE6B,R. Jain,SBI-XXXX-4004,SBI,Sigma Hold.,YES-XXXX-5002,YES,236381,2025-03-16T11:28:00,NEFT,YESE90B69A0,Service payment
52F5CC11,Anita Patel,BOI-XXXX-9672,AXIS,Anil Menon,HDFC-XXXX-7591,BOI,131581,2025-02-21T09:21:00,RTGS,REFEB4CE439,
CF034E33,Sanjay Singh,HDFC-XXXX-5565,HDFC,Anita Sharma,BOI-XXXX-9334,HDFC,19339,2025-04-01T08:57:00,IMPS,REFF73AD956,
1869D634,Rekha Menon,BOI-XXXX-7977,BOI,Sanjay Menon,SBI-XXXX-3880,AXIS,229596,2025-03-03T10:35:00,IMPS,REF3D8BF3A2,Rent
BAE80524,Sanjay Iyer,BOI-XXXX-3042,SBI,Suresh Ghosh,BOI-XXXX-9462,SBI,90397,2025-02-10T09:31:00,CASH,REFF07547BC,
C826DE6C,M. Nambiar,AXIS-XXXX-4002,AXIS,Delta Finance,YES-XXXX-5001,YES,500000,2025-03-08T09:45:00,RTGS,YESD0715BDB,Consulting fees
632CA5E4,Usha Iyer,AXIS-XXXX-4345,AXIS,Anita Ghosh,AXIS-XXXX-4085,AXIS,61957,2025-02-26T17:28:00,CASH,REF021812B1,Invoice
0B549B02,Usha Iyer,SBI-XXXX-2980,ICICI,Lata Nair,SBI-XXXX-9565,HDFC,66730,2025-03-03T12:23:00,RTGS,REFEFBFB0E4,Invoice
68C9951A,Anita Patel,SBI-XXXX-5487,AXIS,Anita Nair,PNB-XXXX-8396,AXIS,280134,2025-02-11T18:57:00,RTGS,REF33B4C282,Rent
14F70CFF,Rajesh Ghosh,PNB-XXXX-2816,BOI,Shobha Nair,PNB-XXXX-1491,SBI,182233,2025-03-09T12:12:00,RTGS,REFE52F1938,Personal
F89D26D9,Usha Singh,ICICI-XXXX-6763,BOI,Dinesh Mishra,HDFC-XXXX-6186,ICICI,58109,2025-01-26T18:25:00,RTGS,REF50E2EF39,
802C69AD,Suresh Menon,HDFC-XXXX-9306,AXIS,Mahesh Das,SBI-XXXX-8964,AXIS,226489,2025-01-21T12:27:00,RTGS,REFA2616348,Personal
EF67F5E9,Rajesh Kumar,HDFC-XXXX-6281,AXIS,Suresh Nair,HDFC-XXXX-6351,BOI,244994,2025-02-09T20:52:00,IMPS,REF544288C7,Invoice
84059A75,Sanjay Roy,AXIS-XXXX-3111,AXIS,Priya Patel,AXIS-XXXX-6212,BOI,88070,2025-03-11T11:06:00,CASH,REF4A5AE03E,Rent
E1D6D52F,R. Jain,SBI-XXXX-4004,SBI,Sigma Holdings,YES-XXXX-5002,YES,443772,2025-03-22T17:12:00,IMPS,YESB633ED2C,Service payment
8BF0A059,Rekha Mishra,ICICI-XXXX-7801,HDFC,Meena Singh,BOI-XXXX-6895,AXIS,138842,2025-03-21T09:29:00,NEFT,REF53AE5EB5,Personal
75D7AC19,Lata Menon,ICICI-XXXX-9230,SBI,Vijay Pandey,PNB-XXXX-8836,HDFC,264535,2025-02-21T19:24:00,NEFT,REFBDF15016,Invoice
5618484E,Mahesh Sharma,ICICI-XXXX-4175,BOI,Usha Sharma,PNB-XXXX-7194,ICICI,350640,2025-01-21T12:05:00,IMPS,REF6537D2B9,Personal
8384EF86,Anil Tiwari,SBI-XXXX-5651,BOI,Priya Das,HDFC-XXXX-7148,BOI,74047,2025-03-04T17:54:00,NEFT,REF65B879A6,Personal
C69A154E,Usha Kumar,SBI-XXXX-1896,ICICI,Usha Joshi,SBI-XXXX-6463,BOI,56065,2025-02-21T17:30:00,CASH,REF5DB7C653,Invoice
22B1034B,Mahesh Patel,BOI-XXXX-5264,ICICI,Rekha Menon,SBI-XXXX-2335,AXIS,225737,2025-03-20T10:36:00,NEFT,REFA7F28F1E,Rent
60A119CE,Lata Menon,HDFC-XXXX-5521,HDFC,Lata Iyer,SBI-XXXX-2742,HDFC,335070,2025-04-02T09:02:00,IMPS,REF0FDA519C,Rent
975963D4,Anil Kumar,SBI-XXXX-7304,BOI,Suresh Sharma,AXIS-XXXX-5182,ICICI,272181,2025-03-18T18:44:00,RTGS,REFCB1F1917,Personal
4CF826DF,Mahesh Singh,SBI-XXXX-5099,BOI,Meena Das,PNB-XXXX-6848,HDFC,237543,2025-02-22T13:49:00,IMPS,REFEC8E209C,Invoice
20628E44,Priya Sharma,PNB-XXXX-2043,HDFC,Dinesh Nair,SBI-XXXX-4403,HDFC,132895,2025-03-30T20:37:00,NEFT,REFBF40AAF8,EMI
272D7A47,Priya Sharma,SBI-XXXX-3705,BOI,Rajesh Singh,PNB-XXXX-5683,BOI,492372,2025-03-19T20:55:00,NEFT,REF0F085AC5,EMI
6B09AF35,Usha Roy,SBI-XXXX-8101,AXIS,Lata Tiwari,ICICI-XXXX-5725,SBI,9369,2025-03-19T18:09:00,NEFT,REF6A131260,Rent
C650C51E,Anita Sharma,SBI-XXXX-6366,HDFC,Meena Singh,PNB-XXXX-3073,ICICI,148480,2025-03-17T11:05:00,RTGS,REF832B1251,
36BC8CDB,Lata Patel,PNB-XXXX-8983,ICICI,Meena Ghosh,SBI-XXXX-2451,BOI,319073,2025-03-02T11:55:00,CASH,REF2B1BFC5B,EMI
18B91DC9,Anil Singh,SBI-XXXX-8793,AXIS,Anil Pandey,BOI-XXXX-8215,HDFC,454270,2025-04-02T20:40:00,NEFT,REFD036EC1F,Invoice
D24578D7,Vijay Sharma,PNB-XXXX-6269,ICICI,Meena Das,BOI-XXXX-6381,SBI,484208,2025-02-01T18:59:00,NEFT,REF926C15D2,
E3D0706C,Suresh Nair,BOI-XXXX-8140,BOI,Mahesh Tiwari,ICICI-XXXX-6098,BOI,469111,2025-03-25T20:09:00,IMPS,REF135AAF91,EMI
507D1DFC,Rekha Singh,PNB-XXXX-8364,AXIS,Suresh Joshi,BOI-XXXX-4272,HDFC,137380,2025-03-18T15:43:00,RTGS,REF3B8496DF,Rent
55CADE8A,Mahesh Patel,PNB-XXXX-4707,HDFC,Dinesh Roy,AXIS-XXXX-4312,ICICI,30644,2025-03-07T12:24:00,IMPS,REF8828E0C8,EMI
42ACFFBA,Mahesh Iyer,AXIS-XXXX-1937,ICICI,Usha Menon,SBI-XXXX-1050,AXIS,461414,2025-03-07T19:53:00,IMPS,REFD2A7D6B4,Personal
29C841D3,Meena Singh,HDFC-XXXX-7605,BOI,Usha Das,BOI-XXXX-4808,SBI,407343,2025-03-19T12:26:00,RTGS,REF43549321,Invoice
9AB0936F,Usha Ghosh,SBI-XXXX-5752,ICICI,Shobha Nair,ICICI-XXXX-4490,SBI,391938,2025-04-05T17:25:00,IMPS,REF99086474,Invoice
7F5283FB,Lata Das,ICICI-XXXX-1157,BOI,Anil Pandey,SBI-XXXX-8252,HDFC,313772,2025-04-03T20:29:00,NEFT,REFD615420E,Invoice
E66F6526,Priya Mishra,PNB-XXXX-7805,SBI,Rajesh Mishra,BOI-XXXX-3487,SBI,390809,2025-03-31T20:25:00,IMPS,REF167EE676,
E1E274F2,Dinesh Sharma,AXIS-XXXX-9235,SBI,Anita Joshi,BOI-XXXX-3944,SBI,149159,2025-02-10T11:53:00,CASH,REFE59E3088,
D02C7DE6,Sanjay Ghosh,AXIS-XXXX-7393,AXIS,Lata Nair,HDFC-XXXX-4015,SBI,88887,2025-03-29T11:37:00,CASH,REFF1BA080B,Personal
4A9D6430,Rajesh Das,ICICI-XXXX-1083,AXIS,Rekha Joshi,SBI-XXXX-1817,ICICI,77204,2025-02-28T12:50:00,IMPS,REF84A820EC,
DA7BB0A5,Meena Patel,SBI-XXXX-7013,HDFC,Dinesh Menon,SBI-XXXX-7925,AXIS,203754,2025-02-05T13:07:00,RTGS,REFE7369E46,Rent
F698C7E6,Anita Joshi,BOI-XXXX-6642,HDFC,Vijay Mishra,HDFC-XXXX-7520,ICICI,8366,2025-02-05T15:00:00,NEFT,REF55EE1F24,Personal
0A1E0A0F,Rajesh Pandey,BOI-XXXX-7318,HDFC,Dinesh Roy,HDFC-XXXX-8108,ICICI,343694,2025-02-20T11:21:00,CASH,REFD0E3F5FD,
7B89F58B,Suresh Patel,AXIS-XXXX-4077,SBI,Suresh Singh,AXIS-XXXX-5018,AXIS,481646,2025-03-07T09:46:00,IMPS,REFBBFAB91D,Rent
C0876964,Anita Patel,PNB-XXXX-2775,AXIS,Sanjay Iyer,HDFC-XXXX-7578,ICICI,38801,2025-02-24T13:38:00,NEFT,REFFC2ECE30,Rent
687A08BA,Shobha Tiwari,ICICI-XXXX-1319,HDFC,Meena Joshi,PNB-XXXX-5193,ICICI,441496,2025-03-03T08:20:00,NEFT,REF4B5B3F5E,EMI
EB4794D5,Priya Nair,HDFC-XXXX-5194,SBI,Dinesh Joshi,BOI-XXXX-2743,AXIS,347792,2025-02-16T18:40:00,IMPS,REF9CDFDF39,
7AE9B50A,Rekha Joshi,HDFC-XXXX-6272,AXIS,Priya Das,BOI-XXXX-2334,SBI,228190,2025-01-24T14:08:00,NEFT,REFB9A93D3C,Rent
1DCB22F0,Priya Mishra,PNB-XXXX-7252,BOI,Usha Iyer,HDFC-XXXX-4662,ICICI,65654,2025-02-21T09:07:00,NEFT,REFDB2108B5,Invoice
7207EC7B,Sanjay Patel,SBI-XXXX-4563,ICICI,Shobha Singh,PNB-XXXX-5042,ICICI,443990,2025-02-08T19:48:00,CASH,REFA50D15FA,Rent
BDA8CD3A,Rekha Das,AXIS-XXXX-8885,AXIS,Lata Tiwari,PNB-XXXX-6463,HDFC,425552,2025-02-15T14:26:00,IMPS,REFAD0A893B,EMI
C1B9AE02,Meena Singh,PNB-XXXX-2740,AXIS,Mahesh Das,ICICI-XXXX-4793,HDFC,60276,2025-02-06T19:57:00,NEFT,REF061615B4,EMI
608A4401,Mahesh Kumar,HDFC-XXXX-2875,SBI,Suresh Joshi,BOI-XXXX-8214,BOI,171374,2025-01-20T16:45:00,IMPS,REF5446D229,Personal
B934F106,Priya Nair,AXIS-XXXX-7742,ICICI,Shobha Tiwari,PNB-XXXX-1216,ICICI,63335,2025-02-03T08:56:00,CASH,REF4E90F502,Personal
570161EA,Suresh Tiwari,HDFC-XXXX-4695,SBI,Priya Singh,PNB-XXXX-7616,ICICI,470000,2025-04-03T09:15:00,IMPS,REFDAC3A3F3,Invoice
C3BB0D9A,Vijay Sharma,SBI-XXXX-9718,SBI,Vijay Sharma,BOI-XXXX-7628,AXIS,210985,2025-01-27T11:46:00,CASH,REFF3107CC0,Invoice
E23AAB9F,Anita Nair,AXIS-XXXX-1464,AXIS,Usha Nair,ICICI-XXXX-6636,ICICI,135390,2025-02-19T15:50:00,NEFT,REF2CBB25BA,Invoice
79397F2A,Suresh Mishra,PNB-XXXX-2595,ICICI,Anil Mishra,BOI-XXXX-2654,BOI,428359,2025-02-03T08:37:00,NEFT,REF9414820C,EMI
93417E53,Anita Patel,ICICI-XXXX-3034,BOI,Priya Iyer,HDFC-XXXX-2271,SBI,360143,2025-02-18T10:28:00,RTGS,REF54A1C1A5,Rent
3E729F7C,Vijay Kumar,PNB-XXXX-8282,SBI,Rekha Patel,AXIS-XXXX-8509,ICICI,9781,2025-02-04T13:32:00,IMPS,REF6A79080A,Rent
18A84EA7,Rekha Patel,BOI-XXXX-9900,BOI,Vijay Kumar,AXIS-XXXX-3063,AXIS,356314,2025-01-15T15:51:00,IMPS,REF8CAD4285,EMI
2925864D,Usha Kumar,SBI-XXXX-9369,SBI,Priya Sharma,BOI-XXXX-3361,BOI,393195,2025-03-19T10:14:00,CASH,REFAD2CE373,Rent
A9E15010,Lata Pandey,SBI-XXXX-5753,HDFC,Suresh Joshi,AXIS-XXXX-2290,SBI,381681,2025-02-13T11:51:00,CASH,REF640A24AE,Rent
86C135C9,Shobha Das,ICICI-XXXX-3230,ICICI,Rajesh Singh,ICICI-XXXX-6105,HDFC,488945,2025-04-03T17:04:00,NEFT,REF78216CA1,EMI
B0A659F1,Rekha Iyer,SBI-XXXX-2878,HDFC,Sanjay Menon,AXIS-XXXX-4046,ICICI,133617,2025-01-24T11:42:00,RTGS,REF4BCAED5F,Invoice
473554B3,Vijay Pandey,BOI-XXXX-7290,AXIS,Rajesh Pandey,AXIS-XXXX-7302,AXIS,28286,2025-02-12T11:24:00,IMPS,REFA86654CB,EMI
F44041F5,Meera N.,AXIS-XXXX-4002,AXIS,Delta Finance,YES-XXXX-5001,YES,1000000,2025-03-06T17:50:00,RTGS,YES1E0633F5,Consulting fees
0FF08904,Shobha Das,PNB-XXXX-2651,SBI,Rajesh Nair,SBI-XXXX-1685,SBI,115660,2025-03-22T20:00:00,NEFT,REF039828AA,
644CB51E,Anil Tiwari,AXIS-XXXX-7558,SBI,Rekha Menon,ICICI-XXXX-2069,AXIS,449495,2025-02-22T11:44:00,NEFT,REFF6DCBD90,EMI
2EFDF1F6,Meera N.,AXIS-XXXX-4002,AXIS,Delta Finance Ltd,YES-XXXX-5001,YES,500000,2025-01-27T12:28:00,RTGS,YES68CD3292,Consulting fees
5483D1F7,Suresh Nair,ICICI-XXXX-6798,ICICI,Shobha Nair,AXIS-XXXX-7447,AXIS,7974,2025-03-07T08:26:00,RTGS,REF318E25C8,Rent
E74D02ED,Meena Kumar,PNB-XXXX-3318,HDFC,Suresh Singh,HDFC-XXXX-9992,HDFC,128894,2025-03-20T09:27:00,CASH,REFC6BB0FDA,EMI
36770A9D,Suresh Das,SBI-XXXX-3732,SBI,Anil Nair,BOI-XXXX-8698,SBI,71268,2025-01-19T14:01:00,CASH,REF3FFD1F00,Rent
8326F8E2,Priya Iyer,ICICI-XXXX-7375,SBI,Dinesh Tiwari,BOI-XXXX-4253,SBI,383915,2025-03-30T17:09:00,RTGS,REF60694DE3,Invoice
6978E37A,Sanjay Tiwari,SBI-XXXX-3768,ICICI,Anil Joshi,ICICI-XXXX-3325,HDFC,422098,2025-03-17T11:16:00,NEFT,REF04DB3C48,Invoice
26847CD4,Rajesh Sharma,BOI-XXXX-8555,AXIS,Meena Joshi,BOI-XXXX-8268,HDFC,422728,2025-02-06T15:32:00,CASH,REFB2C3A2CE,Personal
D25961DD,Usha Tiwari,AXIS-XXXX-2310,ICICI,Anil Iyer,HDFC-XXXX-8712,AXIS,226615,2025-03-20T17:47:00,NEFT,REF2B8DDEAE,Rent
591B5427,Usha Nair,ICICI-XXXX-7965,BOI,Priya Kumar,ICICI-XXXX-5490,AXIS,111255,2025-01-27T12:41:00,IMPS,REFC9E1A416,EMI
1F7E71A0,Anil Das,ICICI-XXXX-8431,ICICI,Anil Ghosh,BOI-XXXX-8878,SBI,179710,2025-02-01T19:30:00,IMPS,REF1E435272,Rent
27D72075,Dinesh Tiwari,ICICI-XXXX-9090,BOI,Rajesh Iyer,ICICI-XXXX-8447,AXIS,449948,2025-01-30T13:39:00,NEFT,REF40D1DE52,Personal
BE13FC14,Aanand Krishnan,HDFC-XXXX-4003,HDFC,R. Jain,SBI-XXXX-4004,SBI,1000000,2025-03-15T16:00:00,NEFT,SBIC6CC67CF,Settlement
EAE88912,Priya Pandey,BOI-XXXX-7451,SBI,Suresh Menon,BOI-XXXX-1886,ICICI,244878,2025-02-04T17:08:00,NEFT,REFC6E4C1ED,EMI
8F112C74,Rekha Patel,BOI-XXXX-6494,ICICI,Shobha Joshi,PNB-XXXX-9402,SBI,375571,2025-02-24T08:27:00,NEFT,REF035EA282,
33BD678B,Dinesh Roy,ICICI-XXXX-7981,AXIS,Shobha Iyer,AXIS-XXXX-7021,AXIS,171210,2025-02-18T14:01:00,IMPS,REFFD6F7AF3,EMI
360E682E,Dinesh Patel,AXIS-XXXX-8158,SBI,Suresh Ghosh,AXIS-XXXX-6132,BOI,495146,2025-03-01T15:22:00,NEFT,REF0DB7F699,EMI
BACC18C9,Dinesh Tiwari,ICICI-XXXX-8961,AXIS,Sanjay Menon,BOI-XXXX-8036,ICICI,199398,2025-02-27T13:52:00,IMPS,REFB29B1E84,Invoice
697AF473,Rohit J.,SBI-XXXX-4004,SBI,Sigma Holdings,YES-XXXX-5002,YES,645752,2025-03-25T12:13:00,NEFT,YES3FE11A59,Service payment
BEB24323,Sanjay Roy,ICICI-XXXX-3609,HDFC,Shobha Mishra,SBI-XXXX-1112,SBI,362576,2025-03-08T16:30:00,NEFT,REF9F20AED7,Personal
D0C7A5B6,Rajesh Patel,AXIS-XXXX-3416,AXIS,Usha Menon,SBI-XXXX-7658,ICICI,277992,2025-01-15T15:53:00,IMPS,REF9EA93189,EMI
4EFFB423,Meena Kumar,SBI-XXXX-9203,ICICI,Shobha Iyer,AXIS-XXXX-7465,ICICI,206346,2025-03-18T12:41:00,IMPS,REF5BFC68AB,Personal
E18A7725,Shobha Sharma,AXIS-XXXX-5305,BOI,Shobha Singh,PNB-XXXX-5576,BOI,489382,2025-02-27T13:57:00,IMPS,REFB259C12C,Invoice
02631D11,Rajesh Roy,ICICI-XXXX-3973,SBI,Priya Kumar,ICICI-XXXX-7388,SBI,172793,2025-02-02T14:57:00,RTGS,REF83F0452C,Invoice
130BFC78,Rekha Mishra,BOI-XXXX-7399,BOI,Anita Patel,PNB-XXXX-3480,ICICI,348898,2025-03-28T13:29:00,CASH,REF84700E85,Rent
B4092E43,Dinesh Kumar,PNB-XXXX-5999,SBI,Dinesh Tiwari,ICICI-XXXX-1425,BOI,400563,2025-02-27T12:51:00,IMPS,REFEFB0A08E,Rent
3AB5B8C4,Rekha Roy,BOI-XXXX-9365,HDFC,Priya Singh,PNB-XXXX-1732,HDFC,24259,2025-02-08T10:19:00,IMPS,REF0848F5FA,Rent
4910C73D,Rekha Roy,AXIS-XXXX-4525,AXIS,Vijay Mishra,PNB-XXXX-4042,ICICI,267963,2025-01-20T17:25:00,IMPS,REF4961C66F,Invoice
D4F4EDD7,Usha Das,HDFC-XXXX-3910,AXIS,Vijay Kumar,BOI-XXXX-6473,AXIS,349032,2025-02-06T18:58:00,NEFT,REF87C79E06,EMI
28206688,Priya Mishra,ICICI-XXXX-5492,SBI,Lata Pandey,SBI-XXXX-8713,BOI,336475,2025-03-14T15:11:00,NEFT,REFA3CA401E,
C054DC12,Mahesh Sharma,ICICI-XXXX-9172,AXIS,Lata Joshi,SBI-XXXX-9587,HDFC,393695,2025-02-09T13:42:00,NEFT,REF0732901C,EMI
651771C7,Meena Das,ICICI-XXXX-1602,ICICI,Shobha Mishra,PNB-XXXX-4425,SBI,107805,2025-03-06T09:55:00,RTGS,REFF8652A09,
E39D0188,Priya Tiwari,AXIS-XXXX-2102,SBI,Lata Iyer,PNB-XXXX-5562,HDFC,52420,2025-02-25T10:11:00,NEFT,REF7CD456D0,Invoice
5683478D,Vijay Iyer,ICICI-XXXX-3658,SBI,Shobha Tiwari,SBI-XXXX-9125,HDFC,487320,2025-01-15T18:14:00,CASH,REFB2FE5A26,Rent
340583CF,Priya Pandey,BOI-XXXX-3500,HDFC,Sanjay Patel,HDFC-XXXX-6054,HDFC,57898,2025-01-18T16:38:00,NEFT,REFA9FEEA06,Rent
56BC94F6,Suresh Roy,ICICI-XXXX-3112,ICICI,Rajesh Roy,SBI-XXXX-4116,AXIS,264536,2025-03-24T16:04:00,IMPS,REF6158DCB0,EMI
298E439B,Rajesh Sharma,BOI-XXXX-8056,ICICI,Meena Mishra,SBI-XXXX-4175,AXIS,339880,2025-01-28T12:56:00,CASH,REFD78F04B2,
9F04FD9D,Suresh Iyer,SBI-XXXX-4270,SBI,Usha Kumar,AXIS-XXXX-7673,BOI,165665,2025-02-13T11:21:00,NEFT,REF8EEF77E3,EMI
C285C7B1,Vijay Mishra,HDFC-XXXX-4264,SBI,Dinesh Das,ICICI-XXXX-2551,SBI,332665,2025-03-15T17:10:00,NEFT,REF34F4C5EC,Invoice
6C362F50,Rajesh Tiwari,BOI-XXXX-4098,BOI,Vijay Tiwari,HDFC-XXXX-6368,HDFC,32923,2025-04-05T20:17:00,IMPS,REF56CEA58B,
A6904F29,Priya Roy,HDFC-XXXX-2902,BOI,Rekha Patel,ICICI-XXXX-7229,BOI,391357,2025-01-15T12:03:00,IMPS,REF642FF132,
6BEDABF3,Anita Ghosh,SBI-XXXX-6224,SBI,Meena Das,SBI-XXXX-8240,SBI,254579,2025-02-09T09:34:00,IMPS,REFE34F4F40,Rent
6D37CE05,Lata Pandey,SBI-XXXX-8674,AXIS,Rekha Joshi,PNB-XXXX-7637,AXIS,91415,2025-01-21T20:23:00,CASH,REF4E5BBC99,EMI
BD47BD9A,Sanjay Sharma,SBI-XXXX-9001,SBI,Rekha Sharma,ICICI-XXXX-7987,AXIS,278098,2025-01-31T15:18:00,NEFT,REF0511CBD4,Personal
ED52EEF9,Anil Mishra,AXIS-XXXX-3257,SBI,Shobha Singh,BOI-XXXX-7024,ICICI,106526,2025-02-27T14:58:00,NEFT,REF757F9F68,Rent
2AC390A1,Lata Joshi,HDFC-XXXX-3318,ICICI,Dinesh Joshi,HDFC-XXXX-7082,BOI,321941,2025-02-16T15:29:00,IMPS,REF501AEC20,Invoice
0D443C85,Dinesh Iyer,BOI-XXXX-8401,SBI,Rajesh Pandey,AXIS-XXXX-5739,HDFC,5284,2025-01-22T15:17:00,IMPS,REFD025EEEE,Invoice
2360DA24,Usha Joshi,AXIS-XXXX-6757,HDFC,Lata Pandey,BOI-XXXX-5609,SBI,89628,2025-03-24T17:04:00,RTGS,REF2A6CD618,Personal
B2CC88D1,Meena Singh,PNB-XXXX-3750,HDFC,Rajesh Iyer,BOI-XXXX-2764,ICICI,174177,2025-03-27T18:12:00,IMPS,REF86A86929,Rent
765748F0,Mahesh Tiwari,PNB-XXXX-6060,BOI,Mahesh Singh,PNB-XXXX-2395,HDFC,329379,2025-03-25T17:48:00,NEFT,REFCADEB157,
737C0253,Anil Nair,AXIS-XXXX-2524,HDFC,Anil Ghosh,ICICI-XXXX-8919,ICICI,480878,2025-03-24T16:15:00,NEFT,REF535A3BD4,Personal
4AC201AA,Usha Ghosh,AXIS-XXXX-7944,BOI,Priya Roy,BOI-XXXX-5261,HDFC,204906,2025-03-15T19:59:00,IMPS,REF727B7AD9,Rent
B65AB02B,Rajesh Patel,ICICI-XXXX-3314,SBI,Meena Singh,SBI-XXXX-7823,HDFC,406299,2025-02-07T15:47:00,IMPS,REF31A9D8C9,
70C7435A,Lata Roy,ICICI-XXXX-4325,BOI,Priya Joshi,AXIS-XXXX-5512,HDFC,8902,2025-02-02T15:04:00,NEFT,REF919C43E0,
7FE0F45F,Dinesh Nair,BOI-XXXX-3664,ICICI,Shobha Nair,SBI-XXXX-5828,SBI,242952,2025-01-20T11:18:00,IMPS,REFE6D35CD9,Personal
B4CE0B96,Shobha Kumar,ICICI-XXXX-6296,SBI,Suresh Pandey,HDFC-XXXX-3905,BOI,9862,2025-01-31T16:09:00,IMPS,REFFB9DC95C,EMI
C258B849,Lata Pandey,BOI-XXXX-1610,AXIS,Usha Tiwari,PNB-XXXX-8074,SBI,118266,2025-03-28T10:01:00,CASH,REF4C7B6F68,Invoice
336F294C,Lata Ghosh,HDFC-XXXX-6882,ICICI,Suresh Mishra,BOI-XXXX-7914,SBI,293279,2025-02-16T12:24:00,CASH,REF0CDE1F35,Rent
BD87546E,Anita Sharma,HDFC-XXXX-2697,AXIS,Rajesh Pandey,BOI-XXXX-8271,AXIS,34178,2025-01-30T12:25:00,NEFT,REFE597610D,Rent
09299DFD,Meena Tiwari,ICICI-XXXX-4782,AXIS,Rekha Mishra,SBI-XXXX-4949,AXIS,389197,2025-03-08T13:05:00,RTGS,REF748EE781,
712A6179,Shobha Roy,SBI-XXXX-6089,ICICI,Suresh Tiwari,PNB-XXXX-2370,SBI,299065,2025-02-05T11:55:00,NEFT,REF124D892B,
947B3E2E,Shobha Singh,ICICI-XXXX-4418,BOI,Sanjay Ghosh,BOI-XXXX-6134,ICICI,376464,2025-03-14T18:09:00,IMPS,REF2A22E24A,Personal
FD9BDDEB,Rajesh Das,SBI-XXXX-3364,AXIS,Rajesh Ghosh,AXIS-XXXX-9604,HDFC,87927,2025-01-27T08:22:00,IMPS,REFA3EFE078,Personal
49DC01A6,Rajesh Mishra,PNB-XXXX-7064,HDFC,Mahesh Roy,AXIS-XXXX-8500,HDFC,235141,2025-03-01T20:29:00,IMPS,REFDBF3CF1F,Invoice
E7C7CEF9,Meena Mishra,HDFC-XXXX-8111,BOI,Sanjay Tiwari,HDFC-XXXX-2409,BOI,17710,2025-04-05T18:06:00,IMPS,REF0F0859CB,Personal
115775F3,Shobha Das,SBI-XXXX-2352,BOI,Mahesh Sharma,PNB-XXXX-8171,HDFC,251828,2025-02-19T10:10:00,NEFT,REF13CC7E83,
77B5AA12,Sanjay Kumar,PNB-XXXX-4678,SBI,Vijay Iyer,BOI-XXXX-8354,ICICI,7704,2025-03-06T11:21:00,NEFT,REF405FA786,
F96B74E5,M. Nambiar,AXIS-XXXX-4002,AXIS,Delta Finance,YES-XXXX-5001,YES,1000000,2025-02-09T15:23:00,RTGS,YES4DC4AE90,Consulting fees
C2D1CDF2,Mahesh Ghosh,SBI-XXXX-8586,BOI,Usha Das,SBI-XXXX-6828,SBI,327715,2025-03-14T13:19:00,RTGS,REF5F0F292C,Personal
FD2BE8CF,Vijay Menon,BOI-XXXX-1380,BOI,Sanjay Kumar,HDFC-XXXX-3518,ICICI,302895,2025-04-05T20:38:00,IMPS,REF8E96DC57,
3EB44334,Anita Singh,ICICI-XXXX-1627,BOI,Meena Menon,HDFC-XXXX-6394,ICICI,163710,2025-02-19T11:45:00,IMPS,REFDDF4A3D6,Rent
53C2BDAA,Dinesh Pandey,PNB-XXXX-5406,SBI,Dinesh Tiwari,HDFC-XXXX-5230,HDFC,250203,2025-02-17T08:59:00,NEFT,REF55D8E962,
A5E205C5,Rekha Menon,SBI-XXXX-9999,ICICI,Priya Patel,AXIS-XXXX-5831,ICICI,35022,2025-04-05T08:52:00,RTGS,REFE6D099CB,Rent
6A7E7602,Rajesh Patel,AXIS-XXXX-3017,AXIS,Rajesh Das,PNB-XXXX-4417,AXIS,30802,2025-03-13T15:25:00,IMPS,REFB059FB73,Rent
CBCB4CA8,Usha Kumar,SBI-XXXX-8021,ICICI,Sanjay Nair,HDFC-XXXX-4253,ICICI,498848,2025-03-09T15:30:00,IMPS,REF609AC29F,Rent
1A651381,Meena Ghosh,PNB-XXXX-3785,AXIS,Vijay Iyer,SBI-XXXX-2287,AXIS,299296,2025-02-28T09:13:00,CASH,REF3E4C6984,
A56CC439,Lata Patel,PNB-XXXX-9376,HDFC,Meena Nair,SBI-XXXX-5317,HDFC,354349,2025-03-10T11:30:00,CASH,REFA149287E,Personal
1569E2CC,Meena Mishra,AXIS-XXXX-2616,SBI,Dinesh Roy,ICICI-XXXX-5939,AXIS,403976,2025-02-09T16:46:00,IMPS,REF9FB4A21C,Personal
3705CF8C,Suresh Tiwari,ICICI-XXXX-3003,SBI,Rekha Mishra,SBI-XXXX-6388,HDFC,248991,2025-03-28T20:20:00,IMPS,REFC941EC7A,
DEC7D8EC,Dinesh Mishra,SBI-XXXX-3722,HDFC,Shobha Pandey,SBI-XXXX-1639,AXIS,264619,2025-02-05T18:51:00,IMPS,REFF5586D2D,EMI
ACCAEDDD,Sanjay Iyer,BOI-XXXX-5435,AXIS,Mahesh Patel,ICICI-XXXX-9311,AXIS,274589,2025-02-20T18:19:00,RTGS,REFFEC9FF44,
03CDEFA7,Meena Pandey,AXIS-XXXX-7941,ICICI,Sanjay Menon,PNB-XXXX-3069,BOI,352992,2025-04-02T17:14:00,NEFT,REF2187CE7E,EMI
CE4D35F8,Meena Das,HDFC-XXXX-2081,ICICI,Mahesh Roy,ICICI-XXXX-1719,SBI,469236,2025-02-11T14:19:00,IMPS,REF29DF484F,EMI
FB193070,Rajesh Roy,HDFC-XXXX-3917,AXIS,Dinesh Menon,BOI-XXXX-3971,AXIS,83758,2025-02-22T17:52:00,RTGS,REF37EE5D9A,Invoice
969E414B,Mahesh Joshi,HDFC-XXXX-8785,HDFC,Shobha Roy,ICICI-XXXX-7099,BOI,203133,2025-03-31T08:20:00,CASH,REF7E119DA7,Personal
16FD48C0,Rekha Singh,SBI-XXXX-9264,ICICI,Anil Das,HDFC-XXXX-5141,HDFC,270323,2025-01-20T15:01:00,NEFT,REFA850313B,EMI
9FD559F6,Usha Ghosh,SBI-XXXX-8738,BOI,Dinesh Das,ICICI-XXXX-5410,HDFC,443309,2025-03-29T12:58:00,IMPS,REF9EE63B34,Invoice
29F0AC27,Meena Kumar,SBI-XXXX-3273,SBI,Rekha Pandey,PNB-XXXX-8138,HDFC,94229,2025-01-26T11:46:00,RTGS,REF442CB943,
